ano,url,titulo,data,id,slug
2026,https://www.ufrn.br/imprensa/noticias/104669/eaj-realiza-seminario-internacional-de-integracao-com-a-unl-da-argentina,EAJ realiza seminário internacional de integração com a UNL da Argentina,31/08/2026 08:57,104669,eaj-realiza-seminario-internacional-de-integracao-com-a-unl-da-argentina
2026,https://www.ufrn.br/imprensa/noticias/104577/eaj-amplia-dialogo-com-guarda-municipal-sobre-seguranca,EAJ amplia diálogo com Guarda Municipal sobre segurança ,28/08/2026 09:44,104577,eaj-amplia-dialogo-com-guarda-municipal-sobre-seguranca
2026,https://www.ufrn.br/imprensa/noticias/104549/eaj-promove-troca-de-experiencias-entre-pos-graduandos-e-unl,EAJ promove troca de experiências entre pós-graduandos e UNL,27/08/2026 10:59,104549,eaj-promove-troca-de-experiencias-entre-pos-graduandos-e-unl
2026,https://www.ufrn.br/imprensa/noticias/104464/semana-da-engenharia-florestal-fortalece-formacao-e-integracao-academica,Semana da Engenharia Florestal fortalece formação e integração acadêmica,25/08/2026 10:47,104464,semana-da-engenharia-florestal-fortalece-formacao-e-integracao-academica
2026,https://www.ufrn.br/imprensa/noticias/104343/autoavaliacao-fortalece-cursos-de-graduacao-na-eaj,Autoavaliação fortalece cursos de graduação na EAJ,21/08/2026 10:00,104343,autoavaliacao-fortalece-cursos-de-graduacao-na-eaj
2026,https://www.ufrn.br/imprensa/noticias/104291/eaj-recebe-dia-d-da-qualidade-de-vida-com-acoes-voltadas-a-saude,EAJ recebe Dia D da Qualidade de Vida com ações voltadas à saúde,20/08/2026 11:21,104291,eaj-recebe-dia-d-da-qualidade-de-vida-com-acoes-voltadas-a-saude
2026,https://www.ufrn.br/imprensa/noticias/104254/eaj-inaugura-novo-espaco-para-pos-graduacao,EAJ inaugura novo espaço para pós-graduação,19/08/2026 11:04,104254,eaj-inaugura-novo-espaco-para-pos-graduacao
2026,https://www.ufrn.br/imprensa/noticias/104188/eaj-fortalece-extensao-e-formacao-de-alunos-na-primeira-expo-macaiba,EAJ fortalece extensão e formação de alunos na primeira Expo Macaíba,18/08/2026 12:11,104188,eaj-fortalece-extensao-e-formacao-de-alunos-na-primeira-expo-macaiba
2026,https://www.ufrn.br/imprensa/noticias/104054/eaj-realiza-palestra-na-inauguracao-do-novo-anfiteatro-baoba,EAJ realiza palestra na inauguração do novo Anfiteatro Baobá,14/08/2026 11:18,104054,eaj-realiza-palestra-na-inauguracao-do-novo-anfiteatro-baoba
2026,https://www.ufrn.br/imprensa/noticias/104005/eaj-fortalece-cultura-de-inovacao-e-empreendedorismo-em-alunos,EAJ fortalece cultura de inovação e empreendedorismo em alunos,13/08/2026 10:42,104005,eaj-fortalece-cultura-de-inovacao-e-empreendedorismo-em-alunos
2026,https://www.ufrn.br/imprensa/noticias/103729/eaj-recebe-pro-reitoria-de-pesquisa-para-dialogar-com-tecnicos-sobre-coordenacao-de-projetos,EAJ recebe Pró-Reitoria de Pesquisa para dialogar com técnicos sobre coordenação de projetos,04/08/2026 15:20,103729,eaj-recebe-pro-reitoria-de-pesquisa-para-dialogar-com-tecnicos-sobre-coordenacao-de-projetos
2026,https://www.ufrn.br/imprensa/noticias/103540/extensao-aproxima-universidade-da-sociedade-e-fortalece-desenvolvimento-regional-por-meio-de-acoes-de-extensao-desenvolvidas-pela-eaj,Extensão aproxima Universidade da sociedade e fortalece desenvolvimento regional por meio de ações de extensão desenvolvidas pela EAJ,28/07/2026 17:18,103540,extensao-aproxima-universidade-da-sociedade-e-fortalece-desenvolvimento-regional-por-meio-de-acoes-de-extensao-desenvolvidas-pela-eaj
2026,https://www.ufrn.br/imprensa/noticias/103089/eaj-apresenta-ensino-pesquisa-e-inovacao-a-comunidade-de-macaiba,"EAJ apresenta ensino, pesquisa e inovação à comunidade de Macaíba",13/07/2026 08:45,103089,eaj-apresenta-ensino-pesquisa-e-inovacao-a-comunidade-de-macaiba
2026,https://www.ufrn.br/imprensa/noticias/103012/consepe-aprova-criacao-de-bacharelado-em-engenharia-agronomica,Consepe aprova criação de bacharelado em Engenharia Agronômica,08/07/2026 10:02,103012,consepe-aprova-criacao-de-bacharelado-em-engenharia-agronomica
2026,https://www.ufrn.br/imprensa/noticias/102272/cultivando-plantas-pessoas-e-saude-oficina-reune-servidores-da-ufrn-no-horto-medicinal-da-praca-do-servidor,"Cultivando plantas, pessoas e saúde: oficina reúne servidores da UFRN no Horto Medicinal da Praça do Servidor",11/06/2026 15:37,102272,cultivando-plantas-pessoas-e-saude-oficina-reune-servidores-da-ufrn-no-horto-medicinal-da-praca-do-servidor
2026,https://www.ufrn.br/imprensa/noticias/101995/artigo-de-docentes-da-eaj-e-publicado-em-uma-das-mais-importantes-revistas-cientificas-de-integracao-computacao-ciencias-agrarias,Artigo de docentes da EAJ é publicado em uma das mais importantes revistas científicas de integração de tecnologias às ciências agrárias,01/06/2026 15:19,101995,artigo-de-docentes-da-eaj-e-publicado-em-uma-das-mais-importantes-revistas-cientificas-de-integracao-computacao-ciencias-agrarias
2026,https://www.ufrn.br/imprensa/noticias/101903/ufrn-realiza-11a-edicao-da-expedicao-caatinga-em-serra-negra-do-norte,UFRN realiza 11ª edição da Expedição Caatinga em Serra Negra do Norte,29/05/2026 09:25,101903,ufrn-realiza-11a-edicao-da-expedicao-caatinga-em-serra-negra-do-norte
2026,https://www.ufrn.br/imprensa/noticias/101879/propesq-realiza-visitas-aos-campi-do-interior-para-fortalecer-pesquisa-cientifica-na-ufrn,Propesq realiza visitas aos campi do interior para fortalecer pesquisa científica na UFRN,28/05/2026 17:42,101879,propesq-realiza-visitas-aos-campi-do-interior-para-fortalecer-pesquisa-cientifica-na-ufrn
2026,https://www.ufrn.br/imprensa/noticias/101735/eaj-ufrn-promove-xii-semagraria-com-foco-em-inovacao-e-agricultura-familiar,EAJ/UFRN promove XII Semagraria com foco em inovação e agricultura familiar,25/05/2026 18:01,101735,eaj-ufrn-promove-xii-semagraria-com-foco-em-inovacao-e-agricultura-familiar
2026,https://www.ufrn.br/imprensa/noticias/101597/eaj-fortalece-cooperacao-internacional-com-universidades-e-centros-de-pesquisa-da-argentina,EAJ fortalece cooperação internacional com universidades e centros de pesquisa da Argentina,21/05/2026 18:17,101597,eaj-fortalece-cooperacao-internacional-com-universidades-e-centros-de-pesquisa-da-argentina
2026,https://www.ufrn.br/imprensa/noticias/101563/gastronomia-da-eaj-marca-presenca-no-festival-sabores-de-pipa,Gastronomia da EAJ marca presença no festival Sabores de Pipa,20/05/2026 11:26,101563,gastronomia-da-eaj-marca-presenca-no-festival-sabores-de-pipa
2026,https://www.ufrn.br/imprensa/noticias/101487/extensao-promove-capacitacao-aos-produtores-de-bovinos-leiteiros-do-rn,Extensão promove capacitação aos produtores de bovinos leiteiros do RN,19/05/2026 11:33,101487,extensao-promove-capacitacao-aos-produtores-de-bovinos-leiteiros-do-rn
2026,https://www.ufrn.br/imprensa/noticias/101017/eaj-oferta-curso-de-iniciacao-a-gastronomia,EAJ oferta curso de Iniciação à Gastronomia,08/05/2026 10:25,101017,eaj-oferta-curso-de-iniciacao-a-gastronomia
2026,https://www.ufrn.br/imprensa/noticias/100846/ufrn-marca-presenca-na-3a-edicao-da-cozinha-show,UFRN marca presença na 3ª edição da Cozinha Show,04/05/2026 15:35,100846,ufrn-marca-presenca-na-3a-edicao-da-cozinha-show
2026,https://www.ufrn.br/imprensa/noticias/100117/eaj-realiza-processo-seletivo-de-mestrado-em-ciencias-florestais-5,EAJ realiza processo seletivo de mestrado em Ciências Florestais,09/04/2026 10:36,100117,eaj-realiza-processo-seletivo-de-mestrado-em-ciencias-florestais-5
2026,https://www.ufrn.br/imprensa/noticias/99779/proex-participa-de-reuniao-de-avaliacao-de-acoes-de-extensao-na-eaj,Proex participa de Reunião de Avaliação de Ações de Extensão na EAJ,27/03/2026 10:20,99779,proex-participa-de-reuniao-de-avaliacao-de-acoes-de-extensao-na-eaj
2026,https://www.ufrn.br/imprensa/noticias/99531/eaj-inscreve-produtores-agricolas-para-feira-de-agricultura-familiar,EAJ inscreve produtores agrícolas para Feira de Agricultura Familiar,20/03/2026 09:29,99531,eaj-inscreve-produtores-agricolas-para-feira-de-agricultura-familiar
2026,https://www.ufrn.br/imprensa/noticias/99482/projeto-da-ufrn-fortalece-protagonismo-de-mulheres-indigenas-em-macaiba,Projeto da UFRN fortalece protagonismo de mulheres indígenas em Macaíba ,19/03/2026 10:40,99482,projeto-da-ufrn-fortalece-protagonismo-de-mulheres-indigenas-em-macaiba
2026,https://www.ufrn.br/imprensa/noticias/99280/eaj-participa-de-feira-nacional-de-maquinas-e-tecnologias-da-agricultura-familiar,EAJ participa de Feira Nacional de Máquinas e Tecnologias da Agricultura Familiar,16/03/2026 11:20,99280,eaj-participa-de-feira-nacional-de-maquinas-e-tecnologias-da-agricultura-familiar
2026,https://www.ufrn.br/imprensa/noticias/98904/projeto-guardioes-mirins-das-abelhas-realiza-formacao-ambiental-em-parceria-com-bombeiro-mirim,Projeto Guardiões Mirins das Abelhas realiza formação ambiental em parceria com Bombeiro Mirim,03/03/2026 16:46,98904,projeto-guardioes-mirins-das-abelhas-realiza-formacao-ambiental-em-parceria-com-bombeiro-mirim
2026,https://www.ufrn.br/imprensa/noticias/98255/eaj-ufrn-lanca-edital-do-pronatec-energife-2026-para-curso-em-energia-solar,EAJ/UFRN lança edital do Pronatec EnergIFE 2026 para curso em energia solar,27/01/2026 16:09,98255,eaj-ufrn-lanca-edital-do-pronatec-energife-2026-para-curso-em-energia-solar
2026,https://www.ufrn.br/imprensa/noticias/98202/eaj-abre-inscricoes-para-aluno-especial-no-mestrado-em-ciencias-florestais,EAJ abre inscrições para aluno especial no mestrado em Ciências Florestais,23/01/2026 10:46,98202,eaj-abre-inscricoes-para-aluno-especial-no-mestrado-em-ciencias-florestais
2026,https://www.ufrn.br/imprensa/noticias/98097/eaj-promove-leilao-de-ovinos-e-caprinos,EAJ promove leilão de ovinos e caprinos,16/01/2026 11:41,98097,eaj-promove-leilao-de-ovinos-e-caprinos
2025,https://www.ufrn.br/imprensa/noticias/97763/comissao-de-inclusao-e-acessibilidade-da-eaj-avalia-2025-e-planeja-novas-acoes,Comissão de Inclusão e Acessibilidade da EAJ avalia 2025 e planeja novas ações,19/12/2025 15:25,97763,comissao-de-inclusao-e-acessibilidade-da-eaj-avalia-2025-e-planeja-novas-acoes
2025,https://www.ufrn.br/imprensa/noticias/97726/ufrn-e-codevasf-discutem-parcerias,UFRN e Codevasf discutem parcerias,19/12/2025 11:25,97726,ufrn-e-codevasf-discutem-parcerias
2025,https://www.ufrn.br/imprensa/noticias/97443/docente-da-eaj-assume-segundo-mandato-no-conape,Docente da EAJ assume segundo mandato no Conape,11/12/2025 11:57,97443,docente-da-eaj-assume-segundo-mandato-no-conape
2025,https://www.ufrn.br/imprensa/noticias/96327/escola-agricola-de-jundiai-abre-selecao-com-165-vagas-para-cursos-tecnicos-subsequentes,Escola Agrícola de Jundiaí abre seleção com 165 vagas para cursos técnicos subsequentes ,11/11/2025 10:35,96327,escola-agricola-de-jundiai-abre-selecao-com-165-vagas-para-cursos-tecnicos-subsequentes
2025,https://www.ufrn.br/imprensa/noticias/96277/proposta-sobre-bioinsumos-sustentaveis-vai-integrar-documentos-da-cop30,Proposta sobre bioinsumos sustentáveis avança de fase em seleção para COP30,10/11/2025 11:42,96277,proposta-sobre-bioinsumos-sustentaveis-vai-integrar-documentos-da-cop30
2025,https://www.ufrn.br/imprensa/noticias/96144/sia-realiza-encontro-com-familiares-e-estudantes-na-eaj,SIA realiza encontro com familiares e estudantes na EAJ,06/11/2025 15:21,96144,sia-realiza-encontro-com-familiares-e-estudantes-na-eaj
2025,https://www.ufrn.br/imprensa/noticias/96062/eaj-participa-1o-festival-de-gastronomia-de-macaiba,EAJ participa 1º Festival de Gastronomia de Macaíba,04/11/2025 11:22,96062,eaj-participa-1o-festival-de-gastronomia-de-macaiba
2025,https://www.ufrn.br/imprensa/noticias/95397/mostra-de-profissoes-2025-incluiu-cursos-tecnicos-da-ufrn,Mostra de Profissões 2025 incluiu cursos técnicos da UFRN,17/10/2025 10:36,95397,mostra-de-profissoes-2025-incluiu-cursos-tecnicos-da-ufrn
2025,https://www.ufrn.br/imprensa/noticias/94358/eaj-realiza-processo-seletivo-de-mestrado-em-ciencias-florestais-4,EAJ realiza processo seletivo de mestrado em Ciências Florestais,17/09/2025 09:36,94358,eaj-realiza-processo-seletivo-de-mestrado-em-ciencias-florestais-4
2025,https://www.ufrn.br/imprensa/noticias/92379/convenio-com-universidade-de-maringa-oferece-doutorado-em-zootecnia-para-servidores-da-ufrn,Convênio com Universidade de Maringá oferece doutorado em Zootecnia para servidores da UFRN,11/07/2025 16:32,92379,convenio-com-universidade-de-maringa-oferece-doutorado-em-zootecnia-para-servidores-da-ufrn
2025,https://www.ufrn.br/imprensa/noticias/90254/ufrn-promove-3a-semana-da-zootecnia-em-macaiba,UFRN promove 3ª Semana da Zootecnia em Macaíba,09/05/2025 17:32,90254,ufrn-promove-3a-semana-da-zootecnia-em-macaiba
2025,https://www.ufrn.br/imprensa/noticias/89152/ppgcfl-abre-credenciamento-e-recredenciamento-de-docentes,PPGCFL abre credenciamento e recredenciamento de docentes,04/04/2025 17:12,89152,ppgcfl-abre-credenciamento-e-recredenciamento-de-docentes
2025,https://www.ufrn.br/imprensa/noticias/89094/eaj-realiza-processo-seletivo-de-mestrado-em-ciencias-florestais-3,EAJ realiza processo seletivo de mestrado em Ciências Florestais,04/04/2025 09:06,89094,eaj-realiza-processo-seletivo-de-mestrado-em-ciencias-florestais-3
2025,https://www.ufrn.br/imprensa/noticias/88748/eaj-inscreve-para-cursos-tecnicos-subsequentes,EAJ inscreve para cursos técnicos subsequentes,26/03/2025 10:35,88748,eaj-inscreve-para-cursos-tecnicos-subsequentes
2025,https://www.ufrn.br/imprensa/noticias/87704/programa-mulheres-mil-entrega-certificados-a-alunas-em-macaiba,Programa Mulheres Mil entrega certificados a alunas em Macaíba,19/02/2025 16:02,87704,programa-mulheres-mil-entrega-certificados-a-alunas-em-macaiba
2025,https://www.ufrn.br/imprensa/noticias/87666/ppg-em-ciencias-florestais-inscreve-para-aluno-especial-no-mestrado,PPG em Ciências Florestais inscreve para Aluno Especial no mestrado,18/02/2025 16:07,87666,ppg-em-ciencias-florestais-inscreve-para-aluno-especial-no-mestrado
2025,https://www.ufrn.br/imprensa/noticias/87257/ufrn-prorroga-inscricoes-para-cursos-tecnicos-da-escola-agricola-de-jundiai,UFRN prorroga inscrições para cursos técnicos da Escola Agrícola de Jundiaí,31/01/2025 15:51,87257,ufrn-prorroga-inscricoes-para-cursos-tecnicos-da-escola-agricola-de-jundiai
2025,https://www.ufrn.br/imprensa/noticias/86748/programa-da-eaj-leva-formacao-tecnica-e-inclusao-a-municipios-do-rn,Programa da EAJ leva formação técnica e inclusão a municípios do RN,08/01/2025 11:04,86748,programa-da-eaj-leva-formacao-tecnica-e-inclusao-a-municipios-do-rn
2024,https://www.ufrn.br/imprensa/noticias/86350/escola-agricola-de-jundiai-celebra-75-anos-de-fundacao,Escola Agrícola de Jundiaí celebra 75 anos de fundação,13/12/2024 14:45,86350,escola-agricola-de-jundiai-celebra-75-anos-de-fundacao
2024,https://www.ufrn.br/imprensa/noticias/85945/eaj-realiza-mostra-de-cursos-e-profissoes,EAJ realiza Mostra de Cursos e Profissões,04/12/2024 15:50,85945,eaj-realiza-mostra-de-cursos-e-profissoes
2024,https://www.ufrn.br/imprensa/noticias/85943/estudantes-da-eaj-participam-do-11o-congresso-internacional-do-programa-despertando-vocacoes,Estudantes da EAJ participam do 11º Congresso Internacional do Programa Despertando Vocações,04/12/2024 15:48,85943,estudantes-da-eaj-participam-do-11o-congresso-internacional-do-programa-despertando-vocacoes
2024,https://www.ufrn.br/imprensa/noticias/85138/eaj-lanca-projeto-para-atender-empreendedores-de-macaiba,EAJ lança projeto para atender empreendedores de Macaíba,07/11/2024 17:28,85138,eaj-lanca-projeto-para-atender-empreendedores-de-macaiba
2024,https://www.ufrn.br/imprensa/noticias/85067/gremio-estudantil-da-eaj-ufrn-comemora-71-anos-de-criacao,Grêmio Estudantil da EAJ/UFRN comemora 71 anos de criação,07/11/2024 11:17,85067,gremio-estudantil-da-eaj-ufrn-comemora-71-anos-de-criacao
2024,https://www.ufrn.br/imprensa/noticias/84626/escola-agricola-de-jundiai-realiza-leilao-de-bovinos,Escola Agrícola de Jundiaí realiza Leilão de Bovinos,24/10/2024 16:20,84626,escola-agricola-de-jundiai-realiza-leilao-de-bovinos
2024,https://www.ufrn.br/imprensa/noticias/84613/acoes-de-extensao-da-eaj-promovem-desenvolvimento-e-educacao,Ações de extensão da EAJ promovem desenvolvimento e educação,24/10/2024 15:40,84613,acoes-de-extensao-da-eaj-promovem-desenvolvimento-e-educacao
2024,https://www.ufrn.br/imprensa/noticias/84289/por-dentro-do-campus-visita-escola-agricola-de-jundiai,Por Dentro do Campus visita Escola Agrícola de Jundiaí,15/10/2024 17:28,84289,por-dentro-do-campus-visita-escola-agricola-de-jundiai
2024,https://www.ufrn.br/imprensa/noticias/84119/aluno-da-eaj-conquista-medalha-de-ouro-em-olimpiada-brasileira-de-robotica,Aluno da EAJ conquista medalha de ouro em Olimpíada Brasileira de Robótica ,10/10/2024 10:03,84119,aluno-da-eaj-conquista-medalha-de-ouro-em-olimpiada-brasileira-de-robotica
2024,https://www.ufrn.br/imprensa/noticias/84022/mais-de-13-mil-pessoas-se-qualificaram-pelo-programa-mulheres-mil,Mais de 13 mil pessoas se qualificaram pelo Programa Mulheres Mil,07/10/2024 14:34,84022,mais-de-13-mil-pessoas-se-qualificaram-pelo-programa-mulheres-mil
2024,https://www.ufrn.br/imprensa/noticias/83000/eaj-divulga-edital-para-45-vagas-em-cursos-tecnicos,EAJ divulga edital para 45 vagas em cursos técnicos,05/09/2024 10:18,83000,eaj-divulga-edital-para-45-vagas-em-cursos-tecnicos
2024,https://www.ufrn.br/imprensa/noticias/82809/eaj-inscreve-para-curso-de-eletricista-de-sistemas-de-energias-renovaveis,EAJ inscreve para curso de Eletricista de Sistemas de Energias Renováveis,30/08/2024 13:37,82809,eaj-inscreve-para-curso-de-eletricista-de-sistemas-de-energias-renovaveis
2024,https://www.ufrn.br/imprensa/noticias/82714/estudante-da-eaj-e-premiada-no-12o-simposio-brasileiro-de-pos-graduacao-em-ciencias-florestais,Estudante da EAJ é premiada no 12º Simpósio Brasileiro de Pós-Graduação em Ciências Florestais,28/08/2024 15:39,82714,estudante-da-eaj-e-premiada-no-12o-simposio-brasileiro-de-pos-graduacao-em-ciencias-florestais
2024,https://www.ufrn.br/imprensa/noticias/82132/eaj-realiza-abertura-da-2a-semana-da-zootecnia,EAJ realiza abertura da 2ª Semana da Zootecnia,13/08/2024 17:19,82132,eaj-realiza-abertura-da-2a-semana-da-zootecnia
2024,https://www.ufrn.br/imprensa/noticias/81711/escola-agricola-de-jundiai-oferece-160-vagas-em-cursos-tecnicos,Escola Agrícola de Jundiaí oferece 160 vagas em cursos técnicos,30/07/2024 11:46,81711,escola-agricola-de-jundiai-oferece-160-vagas-em-cursos-tecnicos
2024,https://www.ufrn.br/imprensa/noticias/81534/eaj-divulga-edital-para-160-vagas-em-cursos-tecnicos,EAJ divulga edital para 160 vagas em cursos técnicos,23/07/2024 17:42,81534,eaj-divulga-edital-para-160-vagas-em-cursos-tecnicos
2024,https://www.ufrn.br/imprensa/noticias/81071/ufrn-sedia-congresso-sobre-estudos-de-microalgas,UFRN sedia congresso sobre estudos de microalgas,05/07/2024 15:32,81071,ufrn-sedia-congresso-sobre-estudos-de-microalgas
2024,https://www.ufrn.br/imprensa/noticias/80562/eaj-entrega-certificados-do-programa-mulheres-mil-em-arez,EAJ entrega certificados do Programa Mulheres Mil em Arez,06/06/2024 17:55,80562,eaj-entrega-certificados-do-programa-mulheres-mil-em-arez
2024,https://www.ufrn.br/imprensa/noticias/80441/eaj-abre-edital-para-curso-de-eletricista-de-sistema-renovaveis,EAJ abre edital para curso de eletricista de sistema renováveis,29/05/2024 16:21,80441,eaj-abre-edital-para-curso-de-eletricista-de-sistema-renovaveis
2024,https://www.ufrn.br/imprensa/noticias/80297/eaj-divulga-edital-para-leilao-de-suinos,EAJ divulga edital para leilão de suínos,20/05/2024 16:48,80297,eaj-divulga-edital-para-leilao-de-suinos
2024,https://www.ufrn.br/imprensa/noticias/80151/professora-da-eaj-participa-de-projeto-de-cooperacao-na-malasia,Professora da EAJ participa de projeto de cooperação na Malásia,09/05/2024 17:59,80151,professora-da-eaj-participa-de-projeto-de-cooperacao-na-malasia
2024,https://www.ufrn.br/imprensa/noticias/80100/alunos-da-eaj-sao-classificados-para-fase-presencial-da-olimpiada-brasileira-de-agropecuaria,Alunos da EAJ são classificados para fase presencial da Olimpíada Brasileira de Agropecuária,07/05/2024 15:59,80100,alunos-da-eaj-sao-classificados-para-fase-presencial-da-olimpiada-brasileira-de-agropecuaria
2024,https://www.ufrn.br/imprensa/noticias/80119/eaj-promove-leilao-de-bovinos-da-raca-girolando,EAJ promove leilão de bovinos da raça girolando,07/05/2024 17:46,80119,eaj-promove-leilao-de-bovinos-da-raca-girolando
2024,https://www.ufrn.br/imprensa/noticias/80027/eaj-abre-processo-seletivo-para-mestrado-em-producao-animal,EAJ abre processo seletivo para mestrado em Produção Animal,30/04/2024 16:09,80027,eaj-abre-processo-seletivo-para-mestrado-em-producao-animal
2024,https://www.ufrn.br/imprensa/noticias/79958/seguem-abertas-inscricoes-do-processo-seletivo-para-mestrado-em-ciencias-florestais,Seguem abertas inscrições do processo seletivo para mestrado em Ciências Florestais,24/04/2024 16:50,79958,seguem-abertas-inscricoes-do-processo-seletivo-para-mestrado-em-ciencias-florestais
2024,https://www.ufrn.br/imprensa/noticias/79914/eaj-recebe-2o-circuito-tecnologico-da-mandioca,EAJ recebe 2º Circuito Tecnológico da Mandioca,22/04/2024 17:44,79914,eaj-recebe-2o-circuito-tecnologico-da-mandioca
2024,https://www.ufrn.br/imprensa/noticias/79842/aluno-da-eaj-se-classifica-para-etapa-nacional-dos-jogos-escolares-brasileiros,Aluno da EAJ se classifica para etapa nacional dos Jogos Escolares Brasileiros,18/04/2024 16:57,79842,aluno-da-eaj-se-classifica-para-etapa-nacional-dos-jogos-escolares-brasileiros
2024,https://www.ufrn.br/imprensa/noticias/79802/inscricoes-para-cadastro-reserva-de-professores-da-eja-ept-terminam-nesta-quinta-feira,Inscrições para cadastro reserva de professores da EJA EPT terminam nesta quinta-feira,17/04/2024 17:18,79802,inscricoes-para-cadastro-reserva-de-professores-da-eja-ept-terminam-nesta-quinta-feira
2024,https://www.ufrn.br/imprensa/noticias/79729/ufrn-participa-de-lancamento-do-programa-pe-de-meia,UFRN participa de lançamento do Programa Pé-de-Meia,15/04/2024 12:34,79729,ufrn-participa-de-lancamento-do-programa-pe-de-meia
2024,https://www.ufrn.br/imprensa/noticias/79711/projeto-da-eaj-incentiva-diversidade-alimentar-em-municipios-do-rn,Projeto da EAJ incentiva diversidade alimentar em municípios do RN,11/04/2024 16:59,79711,projeto-da-eaj-incentiva-diversidade-alimentar-em-municipios-do-rn
2024,https://www.ufrn.br/imprensa/noticias/79687/eaj-participa-do-sabores-da-pipa-festival-gastronomico,EAJ participa do Sabores da Pipa Festival Gastronômico,10/04/2024 17:20,79687,eaj-participa-do-sabores-da-pipa-festival-gastronomico
2024,https://www.ufrn.br/imprensa/noticias/79641/curso-em-analise-e-desenvolvimento-de-sistemas-da-eaj-cria-empresa-junior,Curso em Análise e Desenvolvimento de Sistemas da EAJ cria Empresa Júnior,08/04/2024 16:08,79641,curso-em-analise-e-desenvolvimento-de-sistemas-da-eaj-cria-empresa-junior
2024,https://www.ufrn.br/imprensa/noticias/79565/eaj-abre-chamada-publica-para-produtores-da-agricultura-familiar,EAJ abre chamada pública para produtores da agricultura familiar,04/04/2024 14:49,79565,eaj-abre-chamada-publica-para-produtores-da-agricultura-familiar
2024,https://www.ufrn.br/imprensa/noticias/79481/projetos-desenvolvidos-na-eaj-recebem-premio-inovacao-das-aguas-potiguares,Projetos desenvolvidos na EAJ recebem Prêmio Inovação das Águas Potiguares,26/03/2024 17:17,79481,projetos-desenvolvidos-na-eaj-recebem-premio-inovacao-das-aguas-potiguares
2024,https://www.ufrn.br/imprensa/noticias/79476/eaj-realiza-curso-de-desempenho-escolar-para-alunos-ingressantes,EAJ realiza curso de desempenho escolar para alunos ingressantes,26/03/2024 17:16,79476,eaj-realiza-curso-de-desempenho-escolar-para-alunos-ingressantes
2024,https://www.ufrn.br/imprensa/noticias/79413/projeto-de-extensao-da-eaj-abre-inscricoes,Projeto de extensão da EAJ abre inscrições,20/03/2024 17:15,79413,projeto-de-extensao-da-eaj-abre-inscricoes
2024,https://www.ufrn.br/imprensa/noticias/79345/curso-de-formacao-continuada-oferta-vagas-para-professores-da-eja,Curso de formação continuada oferta vagas para professores da EJA,15/03/2024 16:54,79345,curso-de-formacao-continuada-oferta-vagas-para-professores-da-eja
2024,https://www.ufrn.br/imprensa/noticias/79291/eaj-promove-acoes-alusivas-ao-dia-internacional-da-mulher,EAJ promove ações alusivas ao Dia Internacional da Mulher,13/03/2024 16:57,79291,eaj-promove-acoes-alusivas-ao-dia-internacional-da-mulher
2024,https://www.ufrn.br/imprensa/noticias/78661/projeto-suino-amigo-distribui-carne-para-270-familias,Projeto Suíno Amigo distribui carne para 270 famílias,22/02/2024 16:53,78661,projeto-suino-amigo-distribui-carne-para-270-familias
2024,https://www.ufrn.br/imprensa/noticias/78612/ufrn-adere-a-programa-de-incentivo-a-estudantes-do-ensino-medio,UFRN adere a programa de incentivo a estudantes do ensino médio,21/02/2024 09:51,78612,ufrn-adere-a-programa-de-incentivo-a-estudantes-do-ensino-medio
2024,https://www.ufrn.br/imprensa/noticias/78269/ufrn-recebe-visita-de-empresa-de-perfuracao-offshore,UFRN recebe visita de empresa de perfuração offshore,02/02/2024 08:20,78269,ufrn-recebe-visita-de-empresa-de-perfuracao-offshore
2023,https://www.ufrn.br/imprensa/noticias/77601/estudante-da-eaj-cria-prototipo-robotico-para-auxiliar-pequenos-produtores,Estudante da EAJ cria protótipo robótico para auxiliar pequenos produtores,21/12/2023 16:57,77601,estudante-da-eaj-cria-prototipo-robotico-para-auxiliar-pequenos-produtores
2023,https://www.ufrn.br/imprensa/noticias/77162/ufrn-sedia-congresso-nordestino-de-engenharia-florestal,UFRN sedia Congresso Nordestino de Engenharia Florestal ,07/12/2023 11:16,77162,ufrn-sedia-congresso-nordestino-de-engenharia-florestal
2023,https://www.ufrn.br/imprensa/noticias/76849/pesquisa-sobre-caprinos-da-caatinga-sera-apresentada-no-japao,Pesquisa sobre caprinos da Caatinga será apresentada no Japão,27/11/2023 17:55,76849,pesquisa-sobre-caprinos-da-caatinga-sera-apresentada-no-japao
2023,https://www.ufrn.br/imprensa/noticias/76845/eaj-encerra-programacao-da-11a-edicao-da-semana-de-ciencias-agrarias,EAJ encerra programação da 11ª edição da Semana de Ciências Agrárias,27/11/2023 17:17,76845,eaj-encerra-programacao-da-11a-edicao-da-semana-de-ciencias-agrarias
2023,https://www.ufrn.br/imprensa/noticias/76635/eaj-vai-promover-o-7o-congresso-nordestino-de-engenharia-florestal,EAJ vai promover o 7º Congresso Nordestino de Engenharia Florestal,22/11/2023 11:56,76635,eaj-vai-promover-o-7o-congresso-nordestino-de-engenharia-florestal
2023,https://www.ufrn.br/imprensa/noticias/76413/eaj-finaliza-o-14o-congresso-brasileiro-de-agroinformatica-sbiagro-2023,EAJ finaliza o 14º Congresso Brasileiro de Agroinformática (SBIAgro 2023),13/11/2023 14:40,76413,eaj-finaliza-o-14o-congresso-brasileiro-de-agroinformatica-sbiagro-2023
2023,https://www.ufrn.br/imprensa/noticias/76364/eaj-finaliza-o-2o-festival-de-gastronomia,EAJ finaliza o 2º Festival de Gastronomia,10/11/2023 16:55,76364,eaj-finaliza-o-2o-festival-de-gastronomia
2023,https://www.ufrn.br/imprensa/noticias/76243/congresso-nordestino-de-engenharia-florestal-recebe-inscricoes,Congresso Nordestino de Engenharia Florestal recebe inscrições,08/11/2023 14:48,76243,congresso-nordestino-de-engenharia-florestal-recebe-inscricoes
2023,https://www.ufrn.br/imprensa/noticias/76236/eaj-realiza-2o-festival-de-gastronomia,EAJ realiza 2º Festival de Gastronomia,08/11/2023 11:10,76236,eaj-realiza-2o-festival-de-gastronomia
2023,https://www.ufrn.br/imprensa/noticias/76133/proae-divulga-resultado-parcial-do-auxilio-alimentacao-para-eaj,Proae divulga resultado parcial do auxílio alimentação para EAJ,06/11/2023 11:27,76133,proae-divulga-resultado-parcial-do-auxilio-alimentacao-para-eaj
2023,https://www.ufrn.br/imprensa/noticias/76040/eaj-realiza-aulao-preparatorio-para-o-enem-2023,EAJ realiza aulão preparatório para o Enem 2023,31/10/2023 16:02,76040,eaj-realiza-aulao-preparatorio-para-o-enem-2023
2023,https://www.ufrn.br/imprensa/noticias/75950/eaj-realiza-5a-edicao-do-eggday,EAJ realiza 5ª edição do EggDay,27/10/2023 16:08,75950,eaj-realiza-5a-edicao-do-eggday
2023,https://www.ufrn.br/imprensa/noticias/75763/estudantes-da-eaj-conquistam-premio-na-area-da-saude,Estudantes da EAJ conquistam prêmio na área da Saúde,24/10/2023 16:01,75763,estudantes-da-eaj-conquistam-premio-na-area-da-saude
2023,https://www.ufrn.br/imprensa/noticias/75643/eaj-abre-processo-seletivo-de-mestrado-em-ciencias-florestais,EAJ abre processo seletivo de mestrado em Ciências Florestais,20/10/2023 14:33,75643,eaj-abre-processo-seletivo-de-mestrado-em-ciencias-florestais
2023,https://www.ufrn.br/imprensa/noticias/75541/eaj-divulga-projetos-e-acoes-na-61a-festa-do-boi,EAJ divulga projetos e ações na 61ª Festa do Boi,18/10/2023 09:55,75541,eaj-divulga-projetos-e-acoes-na-61a-festa-do-boi
2023,https://www.ufrn.br/imprensa/noticias/75446/eaj-abre-selecao-para-316-vagas-em-cursos-tecnicos,EAJ abre seleção para 316 vagas em cursos técnicos,16/10/2023 09:58,75446,eaj-abre-selecao-para-316-vagas-em-cursos-tecnicos
2023,https://www.ufrn.br/imprensa/noticias/75424/eaj-realiza-congresso-nordestino-de-engenharia-florestal,EAJ realiza Congresso Nordestino de Engenharia Florestal,11/10/2023 15:35,75424,eaj-realiza-congresso-nordestino-de-engenharia-florestal
2023,https://www.ufrn.br/imprensa/noticias/75335/proae-lanca-editais-para-auxilios-residencia-e-moradia,Proae lança editais para Auxílios Residência e Moradia,09/10/2023 15:47,75335,proae-lanca-editais-para-auxilios-residencia-e-moradia
2023,https://www.ufrn.br/imprensa/noticias/75214/estudantes-da-eaj-despescam-300-kg-de-peixes-no-setor-de-aquicultura,Estudantes da EAJ despescam 300 kg de Peixes no Setor de Aquicultura,05/10/2023 11:34,75214,estudantes-da-eaj-despescam-300-kg-de-peixes-no-setor-de-aquicultura
2023,https://www.ufrn.br/imprensa/noticias/75044/eaj-recebe-o-integra-sbfic-2023-nesta-sexta-feira-29,"UFRN recebe o Integra SBFic 2023 nesta sexta-feira, 29",28/09/2023 11:02,75044,eaj-recebe-o-integra-sbfic-2023-nesta-sexta-feira-29
2023,https://www.ufrn.br/imprensa/noticias/74955/ufrn-empossa-nova-direcao-da-eaj,UFRN empossa nova Direção da EAJ,26/09/2023 12:39,74955,ufrn-empossa-nova-direcao-da-eaj
2023,https://www.ufrn.br/imprensa/noticias/74685/eaj-semtas-e-mpt-realizam-curso-para-catadores-de-natal,"EAJ, SEMTAS e MPT realizam curso para catadores de Natal",19/09/2023 16:19,74685,eaj-semtas-e-mpt-realizam-curso-para-catadores-de-natal
2023,https://www.ufrn.br/imprensa/noticias/74216/divulgados-resultados-de-editais-para-pesquisadores-da-eaj-e-esufrn,Divulgados resultados de editais para pesquisadores da EAJ e ESUFRN,05/09/2023 10:55,74216,divulgados-resultados-de-editais-para-pesquisadores-da-eaj-e-esufrn
2023,https://www.ufrn.br/imprensa/noticias/74077/divulgados-resultados-preliminares-para-pesquisadores-da-eaj-e-esufrn,Divulgados resultados preliminares para pesquisadores da EAJ e ESUFRN,30/08/2023 15:00,74077,divulgados-resultados-preliminares-para-pesquisadores-da-eaj-e-esufrn
2023,https://www.ufrn.br/imprensa/noticias/74067/aluna-da-eaj-recebe-medalha-na-olimpiada-brasileira-de-robotica,Aluna da EAJ recebe medalha na Olimpíada Brasileira de Robótica,30/08/2023 14:35,74067,aluna-da-eaj-recebe-medalha-na-olimpiada-brasileira-de-robotica
2023,https://www.ufrn.br/imprensa/noticias/73408/eaj-abre-inscricoes-para-curso-sobre-praticas-de-meditacao,EAJ abre inscrições para curso sobre práticas de meditação,09/08/2023 15:03,73408,eaj-abre-inscricoes-para-curso-sobre-praticas-de-meditacao
2023,https://www.ufrn.br/imprensa/noticias/73396/ufrn-e-emparn-assinam-acordo-de-cooperacao,UFRN e Emparn assinam acordo de cooperação,09/08/2023 11:10,73396,ufrn-e-emparn-assinam-acordo-de-cooperacao
2023,https://www.ufrn.br/imprensa/noticias/73336/propesq-lanca-edital-para-pesquisadores-da-eaj-2,Propesq lança edital para pesquisadores da EAJ,08/08/2023 12:22,73336,propesq-lanca-edital-para-pesquisadores-da-eaj-2
2023,https://www.ufrn.br/imprensa/noticias/73011/esufrn-e-eaj-ofertarao-cursos-de-formacao-pelo-programa-mulheres-mil,ESUFRN e EAJ ofertarão cursos de formação pelo Programa Mulheres Mil,31/07/2023 10:49,73011,esufrn-e-eaj-ofertarao-cursos-de-formacao-pelo-programa-mulheres-mil
2023,https://www.ufrn.br/imprensa/noticias/72967/divulgado-o-resultado-final-do-auxilio-alimentacao-para-pos-graduacao,Divulgado o resultado final do Auxílio Alimentação para pós-graduação,27/07/2023 12:10,72967,divulgado-o-resultado-final-do-auxilio-alimentacao-para-pos-graduacao
2023,https://www.ufrn.br/imprensa/noticias/72908/eaj-promove-atividades-alusivas-ao-julho-dourado,EAJ promove atividades alusivas ao Julho Dourado,26/07/2023 16:25,72908,eaj-promove-atividades-alusivas-ao-julho-dourado
2023,https://www.ufrn.br/imprensa/noticias/72891/ufrn-inaugura-laboratorio-de-bioenergia-e-qualidade-da-madeira,UFRN inaugura Laboratório de Bioenergia e Qualidade da Madeira,26/07/2023 12:42,72891,ufrn-inaugura-laboratorio-de-bioenergia-e-qualidade-da-madeira
2023,https://www.ufrn.br/imprensa/noticias/72683/ufrn-participa-de-criacao-do-curso-multiplicadores-aquicolas,UFRN participa de criação do curso Multiplicadores Aquícolas,20/07/2023 11:51,72683,ufrn-participa-de-criacao-do-curso-multiplicadores-aquicolas
2023,https://www.ufrn.br/imprensa/noticias/72579/sbiagro-prorroga-prazo-para-submissoes-de-trabalhos,SBIAgro prorroga prazo para submissões de trabalhos,18/07/2023 11:37,72579,sbiagro-prorroga-prazo-para-submissoes-de-trabalhos
2023,https://www.ufrn.br/imprensa/noticias/72219/congresso-brasileiro-de-agroinformatica-recebe-trabalhos-para-publicacao,Congresso Brasileiro de Agroinformática recebe trabalhos para publicação,07/07/2023 09:52,72219,congresso-brasileiro-de-agroinformatica-recebe-trabalhos-para-publicacao
2023,https://www.ufrn.br/imprensa/noticias/72050/cnpq-destaca-estudante-da-ufrn-em-premio-de-iniciacao-cientifica,CNPq destaca estudante da UFRN em prêmio de iniciação científica,04/07/2023 11:56,72050,cnpq-destaca-estudante-da-ufrn-em-premio-de-iniciacao-cientifica
2023,https://www.ufrn.br/imprensa/noticias/71431/eaj-abre-150-vagas-para-cursos-tecnicos,EAJ abre 150 vagas para cursos técnicos,16/06/2023 11:09,71431,eaj-abre-150-vagas-para-cursos-tecnicos
2023,https://www.ufrn.br/imprensa/noticias/70568/proae-divulga-resultados-finais-de-auxilios-para-eaj,Proae divulga resultados finais de auxílios para EAJ,22/05/2023 11:25,70568,proae-divulga-resultados-finais-de-auxilios-para-eaj
2023,https://www.ufrn.br/imprensa/noticias/70403/divulgado-resultado-parcial-de-auxilio-alimentacao-para-pos-graduacao-2,Divulgado resultado parcial de auxílio alimentação para pós-graduação,17/05/2023 11:43,70403,divulgado-resultado-parcial-de-auxilio-alimentacao-para-pos-graduacao-2
2023,https://www.ufrn.br/imprensa/noticias/70311/eaj-abre-inscricoes-para-curso-sobre-a-historia-da-gastronomia,EAJ abre inscrições para curso sobre a história da gastronomia,15/05/2023 12:57,70311,eaj-abre-inscricoes-para-curso-sobre-a-historia-da-gastronomia
2023,https://www.ufrn.br/imprensa/noticias/70090/divulgado-resultado-parcial-do-auxilio-moradia-e-residencia-universitaria,Divulgado resultado parcial do Auxílio Moradia e Residência Universitária,08/05/2023 11:31,70090,divulgado-resultado-parcial-do-auxilio-moradia-e-residencia-universitaria
2023,https://www.ufrn.br/imprensa/noticias/70066/restaurante-escola-da-eaj-vende-refeicoes-de-alta-qualidade-por-preco-acessivel,Restaurante Escola da EAJ vende refeições de alta qualidade por preço acessível,05/05/2023 15:13,70066,restaurante-escola-da-eaj-vende-refeicoes-de-alta-qualidade-por-preco-acessivel
2023,https://www.ufrn.br/imprensa/noticias/69832/divulgado-o-resultado-parcial-dos-auxilios-transporte-e-alimentacao-para-eaj,Divulgado o resultado parcial dos auxílios Transporte e Alimentação para EAJ,27/04/2023 11:36,69832,divulgado-o-resultado-parcial-dos-auxilios-transporte-e-alimentacao-para-eaj
2023,https://www.ufrn.br/imprensa/noticias/69032/inscricoes-para-auxilios-da-eaj-e-facisa-terminam-nesta-quarta-feira-29,"Inscrições para auxílios da EAJ e Facisa terminam nesta quarta-feira, 29",29/03/2023 10:27,69032,inscricoes-para-auxilios-da-eaj-e-facisa-terminam-nesta-quarta-feira-29
2023,https://www.ufrn.br/imprensa/noticias/68607/ufrn-inaugura-novas-instalacoes-de-biblioteca-da-eaj,UFRN inaugura novas instalações de biblioteca da EAJ,13/03/2023 13:14,68607,ufrn-inaugura-novas-instalacoes-de-biblioteca-da-eaj
2023,https://www.ufrn.br/imprensa/noticias/68238/proae-divulga-editais-de-auxilios-para-eaj-e-facisa,Proae divulga editais de auxílios para EAJ e Facisa ,01/03/2023 11:18,68238,proae-divulga-editais-de-auxilios-para-eaj-e-facisa
2023,https://www.ufrn.br/imprensa/noticias/67779/ufrn-cria-curso-de-tecnico-em-veterinaria,UFRN cria curso de Técnico em Veterinária,07/02/2023 11:02,67779,ufrn-cria-curso-de-tecnico-em-veterinaria
2023,https://www.ufrn.br/imprensa/noticias/67763/eaj-e-sbiagro-realizam-14a-edicao-do-congresso-brasileiro-de-agroinformatica,EAJ e SBIAgro realizam 14ª edição do Congresso Brasileiro de Agroinformática,06/02/2023 16:00,67763,eaj-e-sbiagro-realizam-14a-edicao-do-congresso-brasileiro-de-agroinformatica
2023,https://www.ufrn.br/imprensa/noticias/67709/eaj-seleciona-bolsistas-para-programa-de-residencia-profissional-agricola,EAJ seleciona bolsistas para Programa de Residência Profissional Agrícola,03/02/2023 12:06,67709,eaj-seleciona-bolsistas-para-programa-de-residencia-profissional-agricola
2023,https://www.ufrn.br/imprensa/noticias/67435/eaj-publica-2a-chamada-para-cursos-tecnicos-integrados,EAJ publica 2ª chamada para cursos técnicos integrados,25/01/2023 12:17,67435,eaj-publica-2a-chamada-para-cursos-tecnicos-integrados
2023,https://www.ufrn.br/imprensa/noticias/67389/eaj-divulga-edital-para-auxilios-alimentacao-e-transporte-estudantil,EAJ divulga edital para Auxílios Alimentação e Transporte Estudantil,24/01/2023 14:05,67389,eaj-divulga-edital-para-auxilios-alimentacao-e-transporte-estudantil
2023,https://www.ufrn.br/imprensa/noticias/67312/eaj-publica-edital-para-auxilios-residencia-e-moradia-estudantil,EAJ publica edital para auxílios Residência e Moradia Estudantil,19/01/2023 15:23,67312,eaj-publica-edital-para-auxilios-residencia-e-moradia-estudantil
2022,https://www.ufrn.br/imprensa/noticias/66927/eaj-abre-inscricoes-para-mestrado-em-producao-animal,EAJ abre inscrições para Mestrado em Produção Animal,28/12/2022 16:00,66927,eaj-abre-inscricoes-para-mestrado-em-producao-animal
2022,https://www.ufrn.br/imprensa/noticias/66713/bmeaj-finaliza-agenda-de-2022-com-apresentacao-em-recife,BMEAJ finaliza agenda de 2022 com apresentação em Recife,20/12/2022 15:10,66713,bmeaj-finaliza-agenda-de-2022-com-apresentacao-em-recife
2022,https://www.ufrn.br/imprensa/noticias/66311/professora-da-eaj-lanca-livro-nesta-sexta-feira,Professora da EAJ lança livro nesta sexta-feira,06/12/2022 16:31,66311,professora-da-eaj-lanca-livro-nesta-sexta-feira
2022,https://www.ufrn.br/imprensa/noticias/66224/alunos-da-eaj-se-classificam-na-olimpiada-internacional-de-matematica-e-do-conhecimento,Alunos da EAJ se classificam na Olimpíada Internacional de Matemática e do Conhecimento,02/12/2022 14:41,66224,alunos-da-eaj-se-classificam-na-olimpiada-internacional-de-matematica-e-do-conhecimento
2022,https://www.ufrn.br/imprensa/noticias/65957/lancado-o-edital-para-apoio-a-projetos-de-extensao-da-eaj,Lançado o edital para apoio a Projetos de Extensão da EAJ,25/11/2022 11:52,65957,lancado-o-edital-para-apoio-a-projetos-de-extensao-da-eaj
2022,https://www.ufrn.br/imprensa/noticias/65829/eaj-abre-simposio-potiguar-de-pos-graduacao-em-ciencias-florestais,EAJ abre Simpósio Potiguar de Pós-Graduação em Ciências Florestais,22/11/2022 15:20,65829,eaj-abre-simposio-potiguar-de-pos-graduacao-em-ciencias-florestais
2022,https://www.ufrn.br/imprensa/noticias/65774/eaj-realiza-o-1-festival-de-gastronomia,EAJ realiza o 1° Festival de Gastronomia,18/11/2022 17:42,65774,eaj-realiza-o-1-festival-de-gastronomia
2022,https://www.ufrn.br/imprensa/noticias/65665/eaj-formaliza-parceria-com-a-emparn,EAJ formaliza parceria com a Emparn,17/11/2022 13:48,65665,eaj-formaliza-parceria-com-a-emparn
2022,https://www.ufrn.br/imprensa/noticias/65612/eaj-reune-mais-de-mil-participantes-na-10a-semagraria,EAJ reúne mais de mil participantes na 10ª Semagrária,16/11/2022 14:52,65612,eaj-reune-mais-de-mil-participantes-na-10a-semagraria
2022,https://www.ufrn.br/imprensa/noticias/65466/eaj-realiza-abertura-da-10a-semagraria-e-1o-encontro-de-extensao,EAJ realiza abertura da 10ª Semagrária e 1º Encontro de Extensão,08/11/2022 17:13,65466,eaj-realiza-abertura-da-10a-semagraria-e-1o-encontro-de-extensao
2022,https://www.ufrn.br/imprensa/noticias/65267/eaj-realiza-10a-semana-academica-de-ciencias-agrarias,EAJ realiza 10ª Semana Acadêmica de Ciências Agrárias,01/11/2022 15:37,65267,eaj-realiza-10a-semana-academica-de-ciencias-agrarias
2022,https://www.ufrn.br/imprensa/noticias/65088/estudantes-da-eaj-sao-premiados-em-congresso-de-ict,Estudantes da EAJ são premiados em congresso de IC&amp;T,26/10/2022 11:06,65088,estudantes-da-eaj-sao-premiados-em-congresso-de-ict
2022,https://www.ufrn.br/imprensa/noticias/65024/proae-divulga-resultado-final-de-auxilios-para-alunos-da-eaj,Proae divulga resultado final de auxílios para alunos da EAJ,25/10/2022 11:34,65024,proae-divulga-resultado-final-de-auxilios-para-alunos-da-eaj
2022,https://www.ufrn.br/imprensa/noticias/65003/eaj-abre-inscricoes-do-processo-seletivo-para-cursos-tecnicos,EAJ abre inscrições do processo seletivo para cursos técnicos,24/10/2022 17:25,65003,eaj-abre-inscricoes-do-processo-seletivo-para-cursos-tecnicos
2022,https://www.ufrn.br/imprensa/noticias/64996/eaj-inaugura-area-experimental-de-engenharia-agronomica,EAJ inaugura Área Experimental de Engenharia Agronômica,24/10/2022 16:30,64996,eaj-inaugura-area-experimental-de-engenharia-agronomica
2022,https://www.ufrn.br/imprensa/noticias/64878/mes-do-servidor-realiza-acao-de-interiorizacao-nas-unidades-do-serido,Mês do Servidor realiza ação de interiorização nos campi do interior,20/10/2022 12:06,64878,mes-do-servidor-realiza-acao-de-interiorizacao-nas-unidades-do-serido
2022,https://www.ufrn.br/imprensa/noticias/64730/eaj-e-premiada-na-1a-feira-de-ciencias-e-mostras-cientificas-do-isd,EAJ é premiada na 1ª Feira de Ciências e Mostras Científicas do ISD,18/10/2022 10:13,64730,eaj-e-premiada-na-1a-feira-de-ciencias-e-mostras-cientificas-do-isd
2022,https://www.ufrn.br/imprensa/noticias/64728/eaj-participa-da-60a-edicao-da-festa-do-boi,EAJ participa da 60ª edição da Festa do Boi,17/10/2022 18:24,64728,eaj-participa-da-60a-edicao-da-festa-do-boi
2022,https://www.ufrn.br/imprensa/noticias/64705/curso-de-gastronomia-da-eaj-inaugura-restaurante-escola,Curso de Gastronomia da EAJ inaugura Restaurante Escola,17/10/2022 11:42,64705,curso-de-gastronomia-da-eaj-inaugura-restaurante-escola
2022,https://www.ufrn.br/imprensa/noticias/64666/eaj-abre-inscricoes-para-7o-agrotec,EAJ abre inscrições para 7º Agrotec,14/10/2022 16:30,64666,eaj-abre-inscricoes-para-7o-agrotec
2022,https://www.ufrn.br/imprensa/noticias/64610/eaj-publica-edital-do-processo-seletivo-para-cursos-tecnicos,EAJ publica edital do processo seletivo para cursos técnicos,13/10/2022 16:41,64610,eaj-publica-edital-do-processo-seletivo-para-cursos-tecnicos
2022,https://www.ufrn.br/imprensa/noticias/64567/eaj-forma-turmas-em-curso-de-qualificacao-profissional,EAJ forma turmas em curso de qualificação profissional,11/10/2022 16:14,64567,eaj-forma-turmas-em-curso-de-qualificacao-profissional
2022,https://www.ufrn.br/imprensa/noticias/64456/eaj-inaugura-laboratorio-de-microscopia,EAJ inaugura Laboratório de Microscopia,07/10/2022 12:21,64456,eaj-inaugura-laboratorio-de-microscopia
2022,https://www.ufrn.br/imprensa/noticias/64441/banda-de-musica-da-eaj-se-apresenta-no-teatro-alberto-maranhao,Banda de Música da EAJ se apresenta no Teatro Alberto Maranhão,06/10/2022 16:46,64441,banda-de-musica-da-eaj-se-apresenta-no-teatro-alberto-maranhao
2022,https://www.ufrn.br/imprensa/noticias/64288/eaj-realiza-palestras-sobre-empreendedorismo-universitario,EAJ realiza palestras sobre empreendedorismo universitário,04/10/2022 17:06,64288,eaj-realiza-palestras-sobre-empreendedorismo-universitario
2022,https://www.ufrn.br/imprensa/noticias/64036/eaj-inicia-projeto-de-matrizes-de-umbu-cajazeiras,EAJ inicia projeto de matrizes de umbu-cajazeiras,26/09/2022 16:41,64036,eaj-inicia-projeto-de-matrizes-de-umbu-cajazeiras
2022,https://www.ufrn.br/imprensa/noticias/64019/eaj-realiza-formatura-de-turmas-do-subsequente,EAJ realiza formatura de turmas do subsequente,26/09/2022 12:49,64019,eaj-realiza-formatura-de-turmas-do-subsequente
2022,https://www.ufrn.br/imprensa/noticias/63870/curso-de-gastronomia-da-eaj-promove-a-lanchonete-escola,Curso de Gastronomia da EAJ promove a Lanchonete Escola,21/09/2022 17:18,63870,curso-de-gastronomia-da-eaj-promove-a-lanchonete-escola
2022,https://www.ufrn.br/imprensa/noticias/63296/eaj-conquista-premio-maker-na-olimpiada-brasileira-de-robotica,EAJ conquista Prêmio Maker na Olimpíada Brasileira de Robótica,08/09/2022 17:49,63296,eaj-conquista-premio-maker-na-olimpiada-brasileira-de-robotica
2022,https://www.ufrn.br/imprensa/noticias/63240/estudante-da-eaj-conquista-medalha-de-bronze-na-olimpiada-brasileira-de-robotica,Estudante da EAJ conquista medalha de bronze na Olimpíada Brasileira de Robótica,08/09/2022 10:47,63240,estudante-da-eaj-conquista-medalha-de-bronze-na-olimpiada-brasileira-de-robotica
2022,https://www.ufrn.br/imprensa/noticias/63186/programa-novos-caminhos-seleciona-professores-para-atuar-em-mossoro,Programa Novos Caminhos seleciona professores para atuar em Mossoró,05/09/2022 18:15,63186,programa-novos-caminhos-seleciona-professores-para-atuar-em-mossoro
2022,https://www.ufrn.br/imprensa/noticias/63170/eaj-conquista-1o-lugar-na-fase-estadual-da-obr,EAJ conquista 1º lugar na fase estadual da OBR,05/09/2022 17:18,63170,eaj-conquista-1o-lugar-na-fase-estadual-da-obr
2022,https://www.ufrn.br/imprensa/noticias/63135/eaj-participa-de-etapa-estadual-da-obr-neste-domingo,EAJ participa de etapa estadual da OBR neste domingo,02/09/2022 17:26,63135,eaj-participa-de-etapa-estadual-da-obr-neste-domingo
2022,https://www.ufrn.br/imprensa/noticias/62901/eaj-promove-o-capacitacao-terra-brasil,EAJ promove o Capacitação Terra Brasil,29/08/2022 09:46,62901,eaj-promove-o-capacitacao-terra-brasil
2022,https://www.ufrn.br/imprensa/noticias/62813/eaj-seleciona-professores-para-programa-voltado-a-agricultura-familiar,EAJ seleciona professores para programa voltado à agricultura familiar,25/08/2022 15:54,62813,eaj-seleciona-professores-para-programa-voltado-a-agricultura-familiar
2022,https://www.ufrn.br/imprensa/noticias/62547/ufrn-e-itc-bio-discutem-implantacao-de-biofabrica-em-caico,UFRN e ITC Bio discutem implantação de biofábrica em Caicó,19/08/2022 17:48,62547,ufrn-e-itc-bio-discutem-implantacao-de-biofabrica-em-caico
2022,https://www.ufrn.br/imprensa/noticias/62485/eaj-realiza-leilao-de-bovinos-da-raca-girolando,EAJ realiza leilão de bovinos da raça girolando ,18/08/2022 15:53,62485,eaj-realiza-leilao-de-bovinos-da-raca-girolando
2022,https://www.ufrn.br/imprensa/noticias/62350/eaj-promove-acao-de-sustentabilidade-e-causa-animal-na-arena-das-dunas,EAJ promove ação de sustentabilidade e causa animal na Arena das Dunas,16/08/2022 09:15,62350,eaj-promove-acao-de-sustentabilidade-e-causa-animal-na-arena-das-dunas
2022,https://www.ufrn.br/imprensa/noticias/62151/eaj-divulga-editais-de-assistencia-estudantil-para-alunos-dos-cursos-tecnicos,EAJ divulga editais de assistência estudantil para alunos dos cursos técnicos,09/08/2022 16:21,62151,eaj-divulga-editais-de-assistencia-estudantil-para-alunos-dos-cursos-tecnicos
2022,https://www.ufrn.br/imprensa/noticias/62059/eaj-lanca-edital-para-leilao-de-bovinos,EAJ lança edital para leilão de bovinos,05/08/2022 16:44,62059,eaj-lanca-edital-para-leilao-de-bovinos
2022,https://www.ufrn.br/imprensa/noticias/61912/propesq-e-eaj-divulgam-edital-de-iniciacao-tecnologica,Propesq e EAJ divulgam edital de iniciação tecnológica,03/08/2022 12:10,61912,propesq-e-eaj-divulgam-edital-de-iniciacao-tecnologica
2022,https://www.ufrn.br/imprensa/noticias/61719/eaj-abre-inscricoes-para-curso-tecnico-em-aquicultura,EAJ abre inscrições para curso técnico em Aquicultura,28/07/2022 17:00,61719,eaj-abre-inscricoes-para-curso-tecnico-em-aquicultura
2022,https://www.ufrn.br/imprensa/noticias/61532/programa-novos-caminhos-publica-edital-para-selecao-de-professores,Programa Novos Caminhos publica edital para seleção de professores,25/07/2022 11:15,61532,programa-novos-caminhos-publica-edital-para-selecao-de-professores
2022,https://www.ufrn.br/imprensa/noticias/61191/curso-de-gastronomia-realiza-almoco-na-eaj,Curso de Gastronomia realiza “Almoço na EAJ”,15/07/2022 11:06,61191,curso-de-gastronomia-realiza-almoco-na-eaj
2022,https://www.ufrn.br/imprensa/noticias/61062/eaj-comemora-o-dia-do-engenheiro-florestal-com-rodada-de-palestras,EAJ comemora o dia do engenheiro florestal com rodada de palestras,12/07/2022 16:47,61062,eaj-comemora-o-dia-do-engenheiro-florestal-com-rodada-de-palestras
2022,https://www.ufrn.br/imprensa/noticias/60829/eaj-divulga-resultado-preliminar-para-cursos-tecnicos-subsequentes,EAJ divulga resultado preliminar para cursos técnicos subsequentes,07/07/2022 12:37,60829,eaj-divulga-resultado-preliminar-para-cursos-tecnicos-subsequentes
2022,https://www.ufrn.br/imprensa/noticias/60726/eaj-realiza-palestra-sobre-atuacao-do-professor-e-empreendedorismo,EAJ realiza palestra sobre atuação do professor e empreendedorismo,05/07/2022 09:55,60726,eaj-realiza-palestra-sobre-atuacao-do-professor-e-empreendedorismo
2022,https://www.ufrn.br/imprensa/noticias/60724/icts-discutem-melhorias-na-infraestrutura-de-macaiba,ICTs discutem melhorias na infraestrutura de Macaíba,05/07/2022 09:52,60724,icts-discutem-melhorias-na-infraestrutura-de-macaiba
2022,https://www.ufrn.br/imprensa/noticias/60660/curso-da-eaj-promove-imersao-ao-mundo-dos-vinhos,Curso da EAJ promove imersão ao mundo dos vinhos,01/07/2022 16:19,60660,curso-da-eaj-promove-imersao-ao-mundo-dos-vinhos
2022,https://www.ufrn.br/imprensa/noticias/60533/aluna-da-eaj-recebe-premios-na-feira-brasileira-de-jovens-cientistas,Aluna da EAJ recebe prêmios na Feira Brasileira de Jovens Cientistas,29/06/2022 14:50,60533,aluna-da-eaj-recebe-premios-na-feira-brasileira-de-jovens-cientistas
2022,https://www.ufrn.br/imprensa/noticias/59745/eaj-realiza-abertura-da-i-semana-de-zootecnia,EAJ realiza abertura da I Semana de Zootecnia,07/06/2022 11:06,59745,eaj-realiza-abertura-da-i-semana-de-zootecnia
2022,https://www.ufrn.br/imprensa/noticias/59642/eaj-realiza-1-integra-agroindustria,EAJ realiza 1° Integra Agroindústria,02/06/2022 15:56,59642,eaj-realiza-1-integra-agroindustria
2022,https://www.ufrn.br/imprensa/noticias/59543/eaj-publica-edital-do-leilao-de-bovinos,EAJ publica edital do leilão de bovinos,01/06/2022 12:14,59543,eaj-publica-edital-do-leilao-de-bovinos
2022,https://www.ufrn.br/imprensa/noticias/59358/eaj-oferece-vagas-para-o-curso-tecnico-em-gastronomia,EAJ oferece vagas para o curso técnico em Gastronomia,27/05/2022 15:41,59358,eaj-oferece-vagas-para-o-curso-tecnico-em-gastronomia
2022,https://www.ufrn.br/imprensa/noticias/59221/eaj-recebe-camara-especializada-de-agronomia-do-crea-rn,EAJ recebe Câmara Especializada de Agronomia do CREA-RN,25/05/2022 16:58,59221,eaj-recebe-camara-especializada-de-agronomia-do-crea-rn
2022,https://www.ufrn.br/imprensa/noticias/59191/eaj-publica-edital-de-selecao-de-alunos-para-cursos-tecnicos,EAJ publica edital de seleção de alunos para cursos técnicos,25/05/2022 12:08,59191,eaj-publica-edital-de-selecao-de-alunos-para-cursos-tecnicos
2022,https://www.ufrn.br/imprensa/noticias/59129/incubadora-da-eaj-tem-novo-gerente-executivo,Incubadora da EAJ tem novo gerente executivo,24/05/2022 15:43,59129,incubadora-da-eaj-tem-novo-gerente-executivo
2022,https://www.ufrn.br/imprensa/noticias/59118/proae-divulga-resultado-final-dos-auxilios-moradia-e-residencia,Proae divulga resultado final dos Auxílios Moradia e Residência,24/05/2022 11:15,59118,proae-divulga-resultado-final-dos-auxilios-moradia-e-residencia
2022,https://www.ufrn.br/imprensa/noticias/59015/ufrn-abre-selecao-para-professores-substitutos-em-32-unidades,UFRN abre seleção para professores substitutos em 32 unidades,20/05/2022 15:38,59015,ufrn-abre-selecao-para-professores-substitutos-em-32-unidades
2022,https://www.ufrn.br/imprensa/noticias/58968/maricultura-de-macroalgas-no-nordeste-do-brasil-retoma-atividades-praticas,Maricultura de Macroalgas no Nordeste do Brasil retoma atividades práticas,19/05/2022 15:23,58968,maricultura-de-macroalgas-no-nordeste-do-brasil-retoma-atividades-praticas
2022,https://www.ufrn.br/imprensa/noticias/58906/dasap-divulga-resultado-final-do-auxilio-transporte-da-eaj,Dasap divulga resultado final do Auxílio Transporte da EAJ,18/05/2022 12:33,58906,dasap-divulga-resultado-final-do-auxilio-transporte-da-eaj
2022,https://www.ufrn.br/imprensa/noticias/58804/felcs-oferta-curso-gratuito-em-parceria-com-a-eaj,Felcs oferta curso gratuito em parceria com a EAJ,16/05/2022 15:38,58804,felcs-oferta-curso-gratuito-em-parceria-com-a-eaj
2022,https://www.ufrn.br/imprensa/noticias/58769/eaj-sedia-final-do-3o-simposio-potiguar-de-zootecnia,EAJ sedia final do 3º Simpósio Potiguar de Zootecnia,16/05/2022 10:55,58769,eaj-sedia-final-do-3o-simposio-potiguar-de-zootecnia
2022,https://www.ufrn.br/imprensa/noticias/58359/eaj-realizou-a-semana-internacional-de-compostagem,EAJ realizou a Semana Internacional de Compostagem,05/05/2022 16:35,58359,eaj-realizou-a-semana-internacional-de-compostagem
2022,https://www.ufrn.br/imprensa/noticias/58317/aluna-da-eaj-conquista-ouro-na-1a-feira-interativa-de-tecnologia-e-ciencia-brasil,Aluna da EAJ conquista ouro na 1ª Feira Interativa de Tecnologia e Ciência Brasil,05/05/2022 14:29,58317,aluna-da-eaj-conquista-ouro-na-1a-feira-interativa-de-tecnologia-e-ciencia-brasil
2022,https://www.ufrn.br/imprensa/noticias/58231/eaj-inaugura-bloco-de-aulas-e-residencia,EAJ inaugura bloco de aulas e residência,04/05/2022 12:53,58231,eaj-inaugura-bloco-de-aulas-e-residencia
2022,https://www.ufrn.br/imprensa/noticias/57950/eaj-recebe-inscricoes-para-professores-no-programa-novos-caminhos,EAJ recebe inscrições para professores no programa Novos Caminhos,27/04/2022 14:44,57950,eaj-recebe-inscricoes-para-professores-no-programa-novos-caminhos
2022,https://www.ufrn.br/imprensa/noticias/57895/professora-da-eaj-debate-importancia-da-caatinga-no-senado,Professora da EAJ debate importância da Caatinga no Senado,26/04/2022 17:12,57895,professora-da-eaj-debate-importancia-da-caatinga-no-senado
2022,https://www.ufrn.br/imprensa/noticias/57541/eaj-oferece-vagas-em-curso-profissionalizante-gratuito,EAJ oferece vagas em curso profissionalizante gratuito,12/04/2022 15:48,57541,eaj-oferece-vagas-em-curso-profissionalizante-gratuito
2022,https://www.ufrn.br/imprensa/noticias/57316/eaj-entrega-medalhas-das-olimpiadas-do-conhecimento,EAJ entrega medalhas das Olimpíadas do Conhecimento,06/04/2022 16:35,57316,eaj-entrega-medalhas-das-olimpiadas-do-conhecimento
2022,https://www.ufrn.br/imprensa/noticias/57179/atividades-presenciais-entusiasmam-comunidade-academica-na-eaj,Atividades presenciais entusiasmam comunidade acadêmica na EAJ,01/04/2022 16:54,57179,atividades-presenciais-entusiasmam-comunidade-academica-na-eaj
2022,https://www.ufrn.br/imprensa/noticias/57165/eaj-recebe-cavalos-doados-pela-abqm-e-ande-brasil,EAJ recebe cavalos doados pela ABQM e Ande Brasil,01/04/2022 16:26,57165,eaj-recebe-cavalos-doados-pela-abqm-e-ande-brasil
2022,https://www.ufrn.br/imprensa/noticias/57068/comunidade-da-ufrn-comemora-inicio-do-2022,Comunidade da UFRN comemora início do 2022,30/03/2022 17:49,57068,comunidade-da-ufrn-comemora-inicio-do-2022
2022,https://www.ufrn.br/imprensa/noticias/57046/reitoria-conversa-com-estudantes-da-eaj,Reitoria conversa com estudantes da EAJ,30/03/2022 16:39,57046,reitoria-conversa-com-estudantes-da-eaj
2022,https://www.ufrn.br/imprensa/noticias/56994/workshop-do-agronordeste-na-eaj-marca-inicio-de-emissao-de-cafs-no-brasil,Workshop do Agronordeste na EAJ marca início de emissão de CAFs no Brasil,29/03/2022 17:09,56994,workshop-do-agronordeste-na-eaj-marca-inicio-de-emissao-de-cafs-no-brasil
2022,https://www.ufrn.br/imprensa/noticias/56921/pop-rn-abre-vagas-para-estudantes-de-ti-engenharia-e-administracao,"PoP-RN abre vagas para estudantes de TI, Engenharia e Administração",28/03/2022 16:09,56921,pop-rn-abre-vagas-para-estudantes-de-ti-engenharia-e-administracao
2022,https://www.ufrn.br/imprensa/noticias/56812/selecao-aberta-a-profissionais-para-o-programa-novos-caminhos-da-eaj,Seleção aberta a profissionais para o Programa Novos Caminhos da EAJ,24/03/2022 17:45,56812,selecao-aberta-a-profissionais-para-o-programa-novos-caminhos-da-eaj
2022,https://www.ufrn.br/imprensa/noticias/56039/eaj-em-harvard-aluna-fala-sobre-experiencia-na-simulacao-da-onu,EAJ em Harvard: aluna fala sobre experiência na Simulação da ONU,25/02/2022 15:45,56039,eaj-em-harvard-aluna-fala-sobre-experiencia-na-simulacao-da-onu
2022,https://www.ufrn.br/imprensa/noticias/55871/ultimo-dia-para-inscricoes-no-curso-tecnico-em-aquicultura-da-eaj,Último dia para inscrições no Curso Técnico em Aquicultura da EAJ,21/02/2022 17:42,55871,ultimo-dia-para-inscricoes-no-curso-tecnico-em-aquicultura-da-eaj
2022,https://www.ufrn.br/imprensa/noticias/55808/proae-orienta-sobre-prestacao-de-contas-do-auxilio-instrumental,Proae orienta sobre prestação de contas do Auxílio Instrumental,18/02/2022 10:50,55808,proae-orienta-sobre-prestacao-de-contas-do-auxilio-instrumental
2022,https://www.ufrn.br/imprensa/noticias/55759/eaj-lanca-edital-de-vagas-remanescentes-para-curso-de-aquicultura,EAJ lança edital de vagas remanescentes para curso de Aquicultura,17/02/2022 11:48,55759,eaj-lanca-edital-de-vagas-remanescentes-para-curso-de-aquicultura
2022,https://www.ufrn.br/imprensa/noticias/55693/alunos-da-eaj-sao-classificados-para-fase-final-do-campus-mobile-2022,Alunos da EAJ são classificados para fase final do Campus Mobile 2022,16/02/2022 09:20,55693,alunos-da-eaj-sao-classificados-para-fase-final-do-campus-mobile-2022
2022,https://www.ufrn.br/imprensa/noticias/55582/comperve-divulga-lista-de-aprovados-para-cursos-tecnicos-da-eaj,Comperve divulga lista de aprovados para cursos técnicos da EAJ,14/02/2022 10:37,55582,comperve-divulga-lista-de-aprovados-para-cursos-tecnicos-da-eaj
2022,https://www.ufrn.br/imprensa/noticias/55259/eaj-oferece-curso-gratuito-sobre-recursos-hidricos-e-energia,EAJ oferece curso gratuito sobre recursos hídricos e energia,03/02/2022 10:47,55259,eaj-oferece-curso-gratuito-sobre-recursos-hidricos-e-energia
2022,https://www.ufrn.br/imprensa/noticias/55227/eaj-garante-bolsas-para-24-pesquisadores-de-iniciacao-cientifica,EAJ garante bolsas para 24 pesquisadores de iniciação científica ,02/02/2022 11:58,55227,eaj-garante-bolsas-para-24-pesquisadores-de-iniciacao-cientifica
2022,https://www.ufrn.br/imprensa/noticias/55177/eaj-abre-incricoes-para-curso-tecnico-em-aquicultura,EAJ abre incrições para Curso Técnico em Aquicultura,31/01/2022 18:04,55177,eaj-abre-incricoes-para-curso-tecnico-em-aquicultura
2022,https://www.ufrn.br/imprensa/noticias/54991/lancado-edital-para-curso-tecnico-em-aquicultura,Lançado edital para Curso Técnico em Aquicultura,25/01/2022 15:50,54991,lancado-edital-para-curso-tecnico-em-aquicultura
2022,https://www.ufrn.br/imprensa/noticias/54693/ppgpa-seleciona-para-mestrado-em-producao-animal,PPgPA seleciona para mestrado em Produção Animal,14/01/2022 10:45,54693,ppgpa-seleciona-para-mestrado-em-producao-animal
2021,https://www.ufrn.br/imprensa/noticias/54281/alunos-de-gastronomia-servem-menu-degustacao-para-publico-externo,Alunos de Gastronomia servem menu degustação para público externo,22/12/2021 17:18,54281,alunos-de-gastronomia-servem-menu-degustacao-para-publico-externo
2021,https://www.ufrn.br/imprensa/noticias/54095/projetos-da-eaj-sao-premiados-em-congresso-internacional,Projetos da EAJ são premiados em Congresso Internacional,15/12/2021 18:02,54095,projetos-da-eaj-sao-premiados-em-congresso-internacional
2021,https://www.ufrn.br/imprensa/noticias/53967/grupo-de-maricultura-da-eaj-se-reune-com-ambap-e-comunidade-pesqueira-de-pitangui,Grupo de maricultura da EAJ se reúne com AMBAP e comunidade pesqueira de Pitangui,13/12/2021 12:17,53967,grupo-de-maricultura-da-eaj-se-reune-com-ambap-e-comunidade-pesqueira-de-pitangui
2021,https://www.ufrn.br/imprensa/noticias/53843/professores-da-ufrn-participam-de-webminicursos-da-sbpc,Professores da UFRN participam de webminicursos da SBPC,08/12/2021 18:22,53843,professores-da-ufrn-participam-de-webminicursos-da-sbpc
2021,https://www.ufrn.br/imprensa/noticias/53852/inscricoes-para-cursos-tecnicos-da-eaj-comecam-nesta-quinta-feira,Inscrições para cursos técnicos da EAJ começam nesta quinta-feira,08/12/2021 18:29,53852,inscricoes-para-cursos-tecnicos-da-eaj-comecam-nesta-quinta-feira
2021,https://www.ufrn.br/imprensa/noticias/53685/aluno-da-eaj-conquista-bolsa-de-iniciacao-cientifica-junior,Aluno da EAJ conquista bolsa de Iniciação Científica Júnior,06/12/2021 12:02,53685,aluno-da-eaj-conquista-bolsa-de-iniciacao-cientifica-junior
2021,https://www.ufrn.br/imprensa/noticias/53301/eaj-lanca-edital-para-processo-seletivo-de-cursos-tecnicos,EAJ lança edital para processo seletivo de cursos técnicos,24/11/2021 11:10,53301,eaj-lanca-edital-para-processo-seletivo-de-cursos-tecnicos
2021,https://www.ufrn.br/imprensa/noticias/53180/eaj-promove-encontro-sobre-integracao-entre-ensino-pesquisa-e-extensao,"EAJ promove encontro sobre integração entre Ensino, Pesquisa e Extensão",19/11/2021 15:28,53180,eaj-promove-encontro-sobre-integracao-entre-ensino-pesquisa-e-extensao
2021,https://www.ufrn.br/imprensa/noticias/53006/nova-empresa-junior-rusticus-proporciona-aprendizagem-e-experiencias,Nova empresa júnior Rusticus proporciona aprendizagem e experiências,16/11/2021 11:31,53006,nova-empresa-junior-rusticus-proporciona-aprendizagem-e-experiencias
2021,https://www.ufrn.br/imprensa/noticias/53004/ufrn-institui-argumento-de-inclusao-da-agricultura-familiar,UFRN institui argumento de inclusão da agricultura familiar,16/11/2021 11:17,53004,ufrn-institui-argumento-de-inclusao-da-agricultura-familiar
2021,https://www.ufrn.br/imprensa/noticias/52708/propesq-lanca-edital-para-pesquisadores-da-eaj,Propesq lança edital para pesquisadores da EAJ,05/11/2021 11:18,52708,propesq-lanca-edital-para-pesquisadores-da-eaj
2021,https://www.ufrn.br/imprensa/noticias/52663/eaj-promove-evento-sobre-o-enade-nesta-sexta-feira-5,"EAJ promove evento sobre o Enade nesta sexta-feira, 5",04/11/2021 10:41,52663,eaj-promove-evento-sobre-o-enade-nesta-sexta-feira-5
2021,https://www.ufrn.br/imprensa/noticias/52592/semagraria-aborda-acao-coletiva-e-resiliencia-nas-ciencias-agrarias,Semagrária aborda ação coletiva e resiliência nas Ciências Agrárias,29/10/2021 16:17,52592,semagraria-aborda-acao-coletiva-e-resiliencia-nas-ciencias-agrarias
2021,https://www.ufrn.br/imprensa/noticias/52432/eaj-realiza-processo-seletivo-de-mestrado-em-ciencias-florestais-2,EAJ realiza processo seletivo de mestrado em Ciências Florestais,26/10/2021 16:17,52432,eaj-realiza-processo-seletivo-de-mestrado-em-ciencias-florestais-2
2021,https://www.ufrn.br/imprensa/noticias/52370/eaj-ufrn-estuda-melhorias-no-cultivo-de-spirulina-e-chlorella,EAJ-UFRN estuda melhorias no cultivo de Spirulina e Chlorella,25/10/2021 17:16,52370,eaj-ufrn-estuda-melhorias-no-cultivo-de-spirulina-e-chlorella
2021,https://www.ufrn.br/imprensa/noticias/51919/professores-da-eaj-organizam-simulado-para-enem-2021,Professores da EAJ organizam simulado para ENEM 2021,13/10/2021 09:27,51919,professores-da-eaj-organizam-simulado-para-enem-2021
2021,https://www.ufrn.br/imprensa/noticias/51823/evento-aborda-inovacao-em-agronegocio,Evento aborda Inovação em Agronegócio,06/10/2021 17:49,51823,evento-aborda-inovacao-em-agronegocio
2021,https://www.ufrn.br/imprensa/noticias/51407/eaj-participa-da-semana-nacional-da-educacao-profissional-e-tecnologica,EAJ participa da Semana Nacional da Educação Profissional e Tecnológica,24/09/2021 13:04,51407,eaj-participa-da-semana-nacional-da-educacao-profissional-e-tecnologica
2021,https://www.ufrn.br/imprensa/noticias/51169/alunos-da-eaj-conquistam-medalha-em-olimpiada-de-robotica,Alunos da EAJ conquistam medalha em olimpíada de robótica,16/09/2021 17:10,51169,alunos-da-eaj-conquistam-medalha-em-olimpiada-de-robotica
2021,https://www.ufrn.br/imprensa/noticias/50935/prosa-no-campo-e-a-mais-nova-atracao-da-fm-universitaria,Prosa no Campo é a mais nova atração da FM Universitária,09/09/2021 17:47,50935,prosa-no-campo-e-a-mais-nova-atracao-da-fm-universitaria
2021,https://www.ufrn.br/imprensa/noticias/50739/escola-agricola-de-jundiai-e-isd-utilizam-equoterapia-em-pacientes,Escola Agrícola de Jundiaí e ISD utilizam equoterapia em pacientes,02/09/2021 17:11,50739,escola-agricola-de-jundiai-e-isd-utilizam-equoterapia-em-pacientes
2021,https://www.ufrn.br/imprensa/noticias/50344/eaj-divulga-processo-seletivo-para-cursos-tecnicos-subsequentes,EAJ divulga processo seletivo para cursos Técnicos Subsequentes ,20/08/2021 10:33,50344,eaj-divulga-processo-seletivo-para-cursos-tecnicos-subsequentes
2021,https://www.ufrn.br/imprensa/noticias/50220/eaj-implanta-unidade-de-referencia-tecnologica-em-macaiba,EAJ implanta Unidade de Referência Tecnológica em Macaíba,17/08/2021 16:23,50220,eaj-implanta-unidade-de-referencia-tecnologica-em-macaiba
2021,https://www.ufrn.br/imprensa/noticias/49910/aluna-da-eaj-participa-de-simulacoes-da-onu-em-harvard,Aluna da EAJ participa de simulações da ONU em Harvard,06/08/2021 11:14,49910,aluna-da-eaj-participa-de-simulacoes-da-onu-em-harvard
2021,https://www.ufrn.br/imprensa/noticias/49800/estudantes-da-eaj-conquistam-medalhas-na-olimpiada-brasileira-de-astronomia-e-na-mostra-brasileira-de-foguetes,Estudantes da EAJ conquistam medalhas na Olimpíada Brasileira de Astronomia e na Mostra Brasileira de Foguetes,03/08/2021 15:53,49800,estudantes-da-eaj-conquistam-medalhas-na-olimpiada-brasileira-de-astronomia-e-na-mostra-brasileira-de-foguetes
2021,https://www.ufrn.br/imprensa/noticias/49102/feira-solidaria-traz-novidades-na-sua-quinta-edicao,Feira Solidária traz novidades na sua quinta edição,12/07/2021 17:54,49102,feira-solidaria-traz-novidades-na-sua-quinta-edicao
2021,https://www.ufrn.br/imprensa/noticias/48568/eaj-oferece-curso-para-professores-de-todo-o-brasil,EAJ oferece curso para professores de todo o Brasil,24/06/2021 15:43,48568,eaj-oferece-curso-para-professores-de-todo-o-brasil
2021,https://www.ufrn.br/imprensa/noticias/48300/ufrn-desenvolve-aplicativo-que-avalia-desempenho-cognitivo-de-equinos,UFRN desenvolve aplicativo que avalia desempenho cognitivo de equinos,16/06/2021 16:51,48300,ufrn-desenvolve-aplicativo-que-avalia-desempenho-cognitivo-de-equinos
2021,https://www.ufrn.br/imprensa/noticias/47771/programa-novos-caminhos-comemora-aniversario-com-publicacao-de-revista,Programa Novos Caminhos comemora aniversário com publicação de revista,01/06/2021 10:51,47771,programa-novos-caminhos-comemora-aniversario-com-publicacao-de-revista
2021,https://www.ufrn.br/imprensa/noticias/47404/eaj-realiza-evento-do-dia-do-zootecnista,EAJ realiza evento do Dia do Zootecnista,19/05/2021 16:59,47404,eaj-realiza-evento-do-dia-do-zootecnista
2021,https://www.ufrn.br/imprensa/noticias/47240/eaj-promove-selecao-de-bolsistas-para-projeto-de-inclusao-social-2,EAJ promove seleção de bolsistas para projeto de inclusão social,17/05/2021 10:18,47240,eaj-promove-selecao-de-bolsistas-para-projeto-de-inclusao-social-2
2021,https://www.ufrn.br/imprensa/noticias/47206/eaj-promove-selecao-de-bolsistas-para-projeto-de-inclusao-social,EAJ promove seleção de bolsistas para projeto de inclusão social,14/05/2021 15:30,47206,eaj-promove-selecao-de-bolsistas-para-projeto-de-inclusao-social
2021,https://www.ufrn.br/imprensa/noticias/46972/empresa-comeca-processo-de-pre-incubacao-em-macaiba,Empresa começa processo de pré-incubação em Macaíba,10/05/2021 10:33,46972,empresa-comeca-processo-de-pre-incubacao-em-macaiba
2021,https://www.ufrn.br/imprensa/noticias/46487/projeto-da-eaj-vai-promover-curso-de-robotica-para-jovens-de-escolas-publicas-do-rn,Projeto da EAJ vai promover curso de robótica para jovens de escolas públicas do RN,23/04/2021 17:10,46487,projeto-da-eaj-vai-promover-curso-de-robotica-para-jovens-de-escolas-publicas-do-rn
2021,https://www.ufrn.br/imprensa/noticias/46013/banda-de-musica-da-eaj-continua-encantando-atraves-das-redes-sociais,Banda de Música da EAJ continua encantando através das redes sociais,08/04/2021 15:26,46013,banda-de-musica-da-eaj-continua-encantando-atraves-das-redes-sociais
2021,https://www.ufrn.br/imprensa/noticias/45922/projeto-da-eaj-realiza-acoes-artisticas-e-culturais-por-meio-de-oficinas-de-teatro,Projeto da EAJ realiza ações artísticas e culturais por meio de oficinas de teatro,06/04/2021 16:06,45922,projeto-da-eaj-realiza-acoes-artisticas-e-culturais-por-meio-de-oficinas-de-teatro
2021,https://www.ufrn.br/imprensa/noticias/45751/eaj-promove-projeto-que-conecta-sociedade-a-ciencia,EAJ promove projeto que conecta sociedade à ciência,30/03/2021 10:57,45751,eaj-promove-projeto-que-conecta-sociedade-a-ciencia
2021,https://www.ufrn.br/imprensa/noticias/45663/projeto-da-eaj-leva-cultura-e-formacao-social-aos-estudantes,Projeto da EAJ leva cultura e formação social aos estudantes,26/03/2021 13:52,45663,projeto-da-eaj-leva-cultura-e-formacao-social-aos-estudantes
2021,https://www.ufrn.br/imprensa/noticias/45569/beneficios-do-colostro-bovino-sao-investigados-pela-eaj-e-facisa,Benefícios do colostro bovino são investigados pela EAJ e Facisa,25/03/2021 10:59,45569,beneficios-do-colostro-bovino-sao-investigados-pela-eaj-e-facisa
2021,https://www.ufrn.br/imprensa/noticias/45542/estudantes-da-eaj-apresentam-projetos-na-febrace,Estudantes da EAJ apresentam projetos na Febrace,24/03/2021 16:09,45542,estudantes-da-eaj-apresentam-projetos-na-febrace
2021,https://www.ufrn.br/imprensa/noticias/45524/incubadora-da-ufrn-em-macaiba-inicia-pre-incubacao-de-empresa,Incubadora da UFRN em Macaíba inicia pré-incubação de empresa,24/03/2021 10:51,45524,incubadora-da-ufrn-em-macaiba-inicia-pre-incubacao-de-empresa
2021,https://www.ufrn.br/imprensa/noticias/45199/estudantes-da-eaj-ganham-medalha-nacional-na-olimpiada-brasileira-de-robotica,Estudantes da EAJ ganham medalha nacional na Olimpíada Brasileira de Robótica,16/03/2021 17:25,45199,estudantes-da-eaj-ganham-medalha-nacional-na-olimpiada-brasileira-de-robotica
2021,https://www.ufrn.br/imprensa/noticias/45188/empresa-junior-da-eaj-realiza-formacao-sobre-empreendedorismo-rural,Empresa Júnior da EAJ realiza formação sobre empreendedorismo rural,16/03/2021 15:56,45188,empresa-junior-da-eaj-realiza-formacao-sobre-empreendedorismo-rural
2021,https://www.ufrn.br/imprensa/noticias/45028/programa-novos-caminhos-abre-inscricoes-para-cursos-de-qualificacao,Programa Novos Caminhos abre inscrições para cursos de qualificação,10/03/2021 17:47,45028,programa-novos-caminhos-abre-inscricoes-para-cursos-de-qualificacao
2021,https://www.ufrn.br/imprensa/noticias/44949/ufrn-e-estado-discutem-parceria-para-analise-da-producao-leiteira,UFRN e Estado discutem parceria para análise da produção leiteira,09/03/2021 10:32,44949,ufrn-e-estado-discutem-parceria-para-analise-da-producao-leiteira
2021,https://www.ufrn.br/imprensa/noticias/44721/eaj-abre-inscricoes-para-projeto-do-programa-de-residencia-profissional-agricola,EAJ abre inscrições para projeto do Programa de Residência Profissional Agrícola,02/03/2021 16:43,44721,eaj-abre-inscricoes-para-projeto-do-programa-de-residencia-profissional-agricola
2021,https://www.ufrn.br/imprensa/noticias/44575/eaj-abre-selecao-de-bolsistas-para-programa-de-residencia-profissional-agricola,EAJ abre seleção de bolsistas para Programa de Residência Profissional Agrícola,25/02/2021 16:14,44575,eaj-abre-selecao-de-bolsistas-para-programa-de-residencia-profissional-agricola
2021,https://www.ufrn.br/imprensa/noticias/44537/eaj-abre-inscricoes-para-processo-seletivo-de-cursos-tecnicos,EAJ abre inscrições para processo seletivo de cursos técnicos,24/02/2021 15:06,44537,eaj-abre-inscricoes-para-processo-seletivo-de-cursos-tecnicos
2021,https://www.ufrn.br/imprensa/noticias/44248/agrojundiai-aproxima-universidade-e-comunidade-agricola,AGROJundiaí aproxima universidade e comunidade agrícola,09/02/2021 17:32,44248,agrojundiai-aproxima-universidade-e-comunidade-agricola
2021,https://www.ufrn.br/imprensa/noticias/44143/eaj-divulga-edital-de-processo-seletivo-para-cursos-tecnicos,EAJ divulga edital de processo seletivo para cursos técnicos,05/02/2021 11:22,44143,eaj-divulga-edital-de-processo-seletivo-para-cursos-tecnicos
2021,https://www.ufrn.br/imprensa/noticias/44009/potirural-projeto-visa-a-criacao-de-espaco-para-produtores-rurais-na-web,PotiRural: projeto visa à criação de espaço para produtores rurais na web,01/02/2021 16:33,44009,potirural-projeto-visa-a-criacao-de-espaco-para-produtores-rurais-na-web
2021,https://www.ufrn.br/imprensa/noticias/44003/eaj-ufrn-realiza-colacao-de-grau-dos-cursos-de-graduacao,EAJ-UFRN realiza colação de grau dos cursos de graduação,01/02/2021 15:54,44003,eaj-ufrn-realiza-colacao-de-grau-dos-cursos-de-graduacao
2021,https://www.ufrn.br/imprensa/noticias/43850/eaj-realiza-processo-seletivo-de-mestrado-em-ciencias-florestais,EAJ realiza processo seletivo de mestrado em Ciências Florestais,26/01/2021 15:11,43850,eaj-realiza-processo-seletivo-de-mestrado-em-ciencias-florestais
2021,https://www.ufrn.br/imprensa/noticias/43695/projeto-da-eaj-mostra-potencial-produtivo-da-carcinicultura,Projeto da EAJ mostra potencial produtivo da carcinicultura,20/01/2021 11:09,43695,projeto-da-eaj-mostra-potencial-produtivo-da-carcinicultura
2021,https://www.ufrn.br/imprensa/noticias/43481/estudantes-da-eaj-se-classificam-para-nova-fase-da-obr,Estudantes da EAJ se classificam para nova fase da OBR,08/01/2021 11:14,43481,estudantes-da-eaj-se-classificam-para-nova-fase-da-obr
2020,https://www.ufrn.br/imprensa/noticias/42863/eaj-e-premiada-em-congresso-internacional,EAJ é premiada em Congresso Internacional,10/12/2020 14:51,42863,eaj-e-premiada-em-congresso-internacional
2020,https://www.ufrn.br/imprensa/noticias/42621/eaj-realiza-mostra-virtual-de-profissoes,EAJ realiza Mostra Virtual de Profissões,02/12/2020 18:32,42621,eaj-realiza-mostra-virtual-de-profissoes
2020,https://www.ufrn.br/imprensa/noticias/42030/eaj-promove-i-workshop-de-arborizacao,EAJ promove I Workshop de Arborização,13/11/2020 15:29,42030,eaj-promove-i-workshop-de-arborizacao
2020,https://www.ufrn.br/imprensa/noticias/41750/encontro-discute-educacao-de-jovens-e-adultos-em-tempos-de-pandemia,Encontro discute educação de jovens e adultos em tempos de pandemia,03/11/2020 17:11,41750,encontro-discute-educacao-de-jovens-e-adultos-em-tempos-de-pandemia
2020,https://www.ufrn.br/imprensa/noticias/41598/eaj-classifica-estudantes-para-a-fase-final-da-onhb,EAJ classifica estudantes para a fase final da ONHB,28/10/2020 10:43,41598,eaj-classifica-estudantes-para-a-fase-final-da-onhb
2020,https://www.ufrn.br/imprensa/noticias/41329/eaj-conquista-1a-e-2a-colocacao-em-etapa-da-olimpiada-de-robotica,EAJ conquista 1ª e 2ª colocação em etapa da Olimpíada de Robótica,21/10/2020 15:13,41329,eaj-conquista-1a-e-2a-colocacao-em-etapa-da-olimpiada-de-robotica
2020,https://www.ufrn.br/imprensa/noticias/41078/eaj-inicia-processo-seletivo-para-cursos-tecnicos-subsequentes,EAJ inicia processo seletivo para cursos técnicos subsequentes,15/10/2020 15:00,41078,eaj-inicia-processo-seletivo-para-cursos-tecnicos-subsequentes
2020,https://www.ufrn.br/imprensa/noticias/41037/eaj-passa-a-ofertar-curso-tecnico-em-cozinha,EAJ passa a ofertar Curso Técnico em Cozinha,15/10/2020 10:29,41037,eaj-passa-a-ofertar-curso-tecnico-em-cozinha
2020,https://www.ufrn.br/imprensa/noticias/40830/eaj-realiza-evento-sobre-producao-e-consumo-de-ovo,EAJ realiza evento sobre produção e consumo de ovo,08/10/2020 14:38,40830,eaj-realiza-evento-sobre-producao-e-consumo-de-ovo
2020,https://www.ufrn.br/imprensa/noticias/40783/eaj-estreia-programa-na-web-radio-sobre-temas-academicos-e-gerais,EAJ estreia programa na web radio sobre temas acadêmicos e gerais,07/10/2020 12:59,40783,eaj-estreia-programa-na-web-radio-sobre-temas-academicos-e-gerais
2020,https://www.ufrn.br/imprensa/noticias/40591/eaj-participa-de-evento-de-sobre-agricultura-familiar-no-rn,EAJ participa de evento de sobre Agricultura Familiar no RN,02/10/2020 10:13,40591,eaj-participa-de-evento-de-sobre-agricultura-familiar-no-rn
2020,https://www.ufrn.br/imprensa/noticias/39981/projeto-promove-interacao-da-eaj-com-agricultores-familiares,Projeto promove interação da EAJ com agricultores familiares,16/09/2020 12:26,39981,projeto-promove-interacao-da-eaj-com-agricultores-familiares
2020,https://www.ufrn.br/imprensa/noticias/39691/eaj-implanta-unidade-tecnica-demonstrativa-de-producao-de-acai,EAJ implanta Unidade Técnica Demonstrativa de produção de açaí,08/09/2020 11:58,39691,eaj-implanta-unidade-tecnica-demonstrativa-de-producao-de-acai
2020,https://www.ufrn.br/imprensa/noticias/39369/eaj-divulga-aprovados-no-edital-de-concessao-do-auxilio-instrumental,EAJ divulga aprovados no edital de Concessão do Auxílio Instrumental,27/08/2020 16:24,39369,eaj-divulga-aprovados-no-edital-de-concessao-do-auxilio-instrumental
2020,https://www.ufrn.br/imprensa/noticias/39195/projeto-da-eaj-vai-realizar-diagnostico-situacional-dos-criadores-de-leite-de-cabra-do-estado,Projeto da EAJ vai realizar diagnóstico situacional dos criadores de leite de cabra do Estado,21/08/2020 14:52,39195,projeto-da-eaj-vai-realizar-diagnostico-situacional-dos-criadores-de-leite-de-cabra-do-estado
2020,https://www.ufrn.br/imprensa/noticias/38885/eaj-oferta-curso-de-aquicultura-para-alunos-de-todo-pais,EAJ oferta curso de Aquicultura para alunos de todo país,12/08/2020 09:21,38885,eaj-oferta-curso-de-aquicultura-para-alunos-de-todo-pais
2020,https://www.ufrn.br/imprensa/noticias/38682/eaj-desenvolve-atividades-durante-periodo-de-distanciamento-social,EAJ desenvolve atividades durante período de distanciamento social,05/08/2020 16:23,38682,eaj-desenvolve-atividades-durante-periodo-de-distanciamento-social
2020,https://www.ufrn.br/imprensa/noticias/38278/carcinicultura-sera-beneficiada-com-criacao-de-startup,Carcinicultura será beneficiada com criação de startup,24/07/2020 12:27,38278,carcinicultura-sera-beneficiada-com-criacao-de-startup
2020,https://www.ufrn.br/imprensa/noticias/38273/novos-caminhos-novas-possibilidades,"Novos Caminhos, novas possibilidades",24/07/2020 10:58,38273,novos-caminhos-novas-possibilidades
2020,https://www.ufrn.br/imprensa/noticias/38142/eaj-realiza-reunioes-virtuais-para-tratar-da-saude-do-servidor,EAJ realiza reuniões virtuais para tratar da saúde do servidor,22/07/2020 12:06,38142,eaj-realiza-reunioes-virtuais-para-tratar-da-saude-do-servidor
2020,https://www.ufrn.br/imprensa/noticias/38044/eaj-discute-modelo-de-retomada-do-semestre-2020-1,EAJ discute modelo de retomada do semestre 2020.1,20/07/2020 14:37,38044,eaj-discute-modelo-de-retomada-do-semestre-2020-1
2020,https://www.ufrn.br/imprensa/noticias/37975/eaj-realiza-live-cultural-jundiai-olhares-e-cancoes,EAJ realiza live cultural Jundiaí: Olhares e canções,16/07/2020 15:43,37975,eaj-realiza-live-cultural-jundiai-olhares-e-cancoes
2020,https://www.ufrn.br/imprensa/noticias/37817/eaj-regulamenta-retorno-do-periodo-letivo-no-modelo-remoto,EAJ regulamenta retorno do período letivo no modelo remoto,14/07/2020 10:04,37817,eaj-regulamenta-retorno-do-periodo-letivo-no-modelo-remoto
2020,https://www.ufrn.br/imprensa/noticias/37691/escola-agricola-promove-acoes-sociais-durante-pandemia,Escola Agrícola promove ações sociais durante pandemia,09/07/2020 16:44,37691,escola-agricola-promove-acoes-sociais-durante-pandemia
2020,https://www.ufrn.br/imprensa/noticias/37306/alunos-da-eaj-sao-beneficiados-com-auxilio-de-inclusao-digital,Alunos da EAJ são beneficiados com Auxílio de Inclusão Digital,01/07/2020 14:25,37306,alunos-da-eaj-sao-beneficiados-com-auxilio-de-inclusao-digital
2020,https://www.ufrn.br/imprensa/noticias/37225/feira-solidaria-arrecada-mais-de-10-toneladas-de-alimentos-em-3-edicoes,Feira Solidária arrecada  10 toneladas de alimentos em 3 edições,26/06/2020 17:24,37225,feira-solidaria-arrecada-mais-de-10-toneladas-de-alimentos-em-3-edicoes
2020,https://www.ufrn.br/imprensa/noticias/36860/projeto-feira-solidaria-da-eaj-ganha-apoios-e-chega-a-3a-edicao,Projeto Feira Solidária da EAJ ganha apoios e chega a 3ª edição,16/06/2020 14:51,36860,projeto-feira-solidaria-da-eaj-ganha-apoios-e-chega-a-3a-edicao
2020,https://www.ufrn.br/imprensa/noticias/36173/eaj-realiza-segunda-feira-solidaria-para-ajudar-assentados-e-pessoas-em-vulnerabilidade,EAJ realiza segunda Feira Solidária para ajudar assentados e pessoas em vulnerabilidade,22/05/2020 14:54,36173,eaj-realiza-segunda-feira-solidaria-para-ajudar-assentados-e-pessoas-em-vulnerabilidade
2020,https://www.ufrn.br/imprensa/noticias/35956/acao-solidaria-da-eaj-ajuda-agricultores-de-macaiba-e-comunidade-carente-de-natal,Ação solidária da EAJ ajuda agricultores de Macaíba e comunidade carente de Natal,15/05/2020 17:32,35956,acao-solidaria-da-eaj-ajuda-agricultores-de-macaiba-e-comunidade-carente-de-natal
2020,https://www.ufrn.br/imprensa/noticias/33995/assistencia-estudantil-auxilios-que-tornam-sonhos-realidade,Assistência estudantil: auxílios que tornam sonhos realidade,10/03/2020 09:23,33995,assistencia-estudantil-auxilios-que-tornam-sonhos-realidade
2020,https://www.ufrn.br/imprensa/noticias/33491/novas-instalacoes-de-incubadora-sao-apresentadas-a-agencia-de-inovacao,Novas instalações de incubadora são apresentadas à Agência de Inovação,18/02/2020 11:48,33491,novas-instalacoes-de-incubadora-sao-apresentadas-a-agencia-de-inovacao
2020,https://www.ufrn.br/imprensa/noticias/33061/escola-agricola-de-jundiai-divulga-2a-chamada-para-cursos-tecnicos,Escola Agrícola de Jundiaí  divulga 2ª chamada para cursos técnicos,03/02/2020 11:40,33061,escola-agricola-de-jundiai-divulga-2a-chamada-para-cursos-tecnicos
2019,https://www.ufrn.br/imprensa/noticias/32371/escola-agricola-oferece-50-vagas-para-especilizacao-em-gestao-ambiental,Escola Agrícola oferece 50 vagas para Especialização em Gestão Ambiental,20/12/2019 16:57,32371,escola-agricola-oferece-50-vagas-para-especilizacao-em-gestao-ambiental
2019,https://www.ufrn.br/imprensa/noticias/32167/aluno-da-eaj-conquista-medalha-na-olimpiada-brasileira-de-robotica,Aluno da EAJ conquista medalha na Olimpíada Brasileira de Robótica,13/12/2019 12:25,32167,aluno-da-eaj-conquista-medalha-na-olimpiada-brasileira-de-robotica
2019,https://www.ufrn.br/imprensa/noticias/32009/projeto-voador-tem-continuidade-na-eaj,Projeto voador tem continuidade na EAJ,10/12/2019 15:31,32009,projeto-voador-tem-continuidade-na-eaj
2019,https://www.ufrn.br/imprensa/noticias/31684/projeto-da-eaj-que-incentiva-renda-extra-comeca-a-ser-implantado,Projeto da EAJ que incentiva renda extra começa a ser implantado,02/12/2019 13:36,31684,projeto-da-eaj-que-incentiva-renda-extra-comeca-a-ser-implantado
2019,https://www.ufrn.br/imprensa/noticias/31663/ufrn-e-emparn-discutem-parceria-na-area-agroindustrial,UFRN e Emparn discutem parceria na área agroindustrial,02/12/2019 08:19,31663,ufrn-e-emparn-discutem-parceria-na-area-agroindustrial
2019,https://www.ufrn.br/imprensa/noticias/31545/eaj-emprega-tecnologias-para-producao-de-mudas-e-reflorestamento,EAJ emprega tecnologias para produção de mudas e reflorestamento,28/11/2019 10:48,31545,eaj-emprega-tecnologias-para-producao-de-mudas-e-reflorestamento
2019,https://www.ufrn.br/imprensa/noticias/31453/alunos-da-eaj-realizam-apresentacoes-inspiradas-em-obras-da-literatura,Alunos da EAJ realizam apresentações inspiradas em obras da literatura,26/11/2019 15:42,31453,alunos-da-eaj-realizam-apresentacoes-inspiradas-em-obras-da-literatura
2019,https://www.ufrn.br/imprensa/noticias/31418/eaj-realiza-i-simposio-potiguar-em-ciencias-florestais,EAJ realiza I Simpósio Potiguar em Ciências Florestais,25/11/2019 16:17,31418,eaj-realiza-i-simposio-potiguar-em-ciencias-florestais
2019,https://www.ufrn.br/imprensa/noticias/31359/equoterapia-no-tratamento-de-alunos-com-necessidades-especiais,Equoterapia no tratamento de alunos com necessidades especiais,22/11/2019 14:23,31359,equoterapia-no-tratamento-de-alunos-com-necessidades-especiais
2019,https://www.ufrn.br/imprensa/noticias/31226/projeto-da-eaj-utiliza-jiu-jitsu-para-melhorr-qualidade-de-vida,EAJ utiliza Jiu Jitsu para melhorar qualidade de vida no trabalho,19/11/2019 16:28,31226,projeto-da-eaj-utiliza-jiu-jitsu-para-melhorr-qualidade-de-vida
2019,https://www.ufrn.br/imprensa/noticias/31165/equipe-da-eaj-vence-etapa-regional-do-ideas-for-milk,Equipe da EAJ vence etapa regional do Ideas For Milk,18/11/2019 15:33,31165,equipe-da-eaj-vence-etapa-regional-do-ideas-for-milk
2019,https://www.ufrn.br/imprensa/noticias/31018/ufrn-oferece-capacitacao-tecnologica-na-rede-giga-metropole,UFRN oferece capacitação tecnológica na Rede Giga Metrópole,12/11/2019 17:06,31018,ufrn-oferece-capacitacao-tecnologica-na-rede-giga-metropole
2019,https://www.ufrn.br/imprensa/noticias/31006/eaj-e-classificada-para-o-desafio-de-startups-da-embrapa,EAJ é classificada para o Desafio de Startups da Embrapa,12/11/2019 16:04,31006,eaj-e-classificada-para-o-desafio-de-startups-da-embrapa
2019,https://www.ufrn.br/imprensa/noticias/30983/rede-e-tec-brasil-realiza-pesquisa-de-egressos-na-ufrn,Rede e-Tec Brasil realiza pesquisa de egressos na UFRN,12/11/2019 12:54,30983,rede-e-tec-brasil-realiza-pesquisa-de-egressos-na-ufrn
2019,https://www.ufrn.br/imprensa/noticias/30981/curso-tecnico-em-informatica-da-eaj-comemora-20-anos,Curso técnico em Informática da EAJ comemora 20 anos,12/11/2019 12:43,30981,curso-tecnico-em-informatica-da-eaj-comemora-20-anos
2019,https://www.ufrn.br/imprensa/noticias/30820/eaj-realiza-estudo-da-influencia-do-manejo-na-diversificacao-da-producao-de-produtos-apicolas,EAJ realiza estudo da influência do manejo na produção de produtos apícolas,08/11/2019 11:32,30820,eaj-realiza-estudo-da-influencia-do-manejo-na-diversificacao-da-producao-de-produtos-apicolas
2019,https://www.ufrn.br/imprensa/noticias/30598/palestras-e-oficinas-encerram-atividades-do-mes-do-servidor-na-eaj,Palestras e oficinas encerram atividades do Mês do Servidor na EAJ,04/11/2019 15:30,30598,palestras-e-oficinas-encerram-atividades-do-mes-do-servidor-na-eaj
2019,https://www.ufrn.br/imprensa/noticias/30550/eaj-inicia-implantacao-de-modelo-de-gestao-de-residuos-organicos,EAJ inicia implantação de modelo de gestão de resíduos orgânicos,01/11/2019 12:20,30550,eaj-inicia-implantacao-de-modelo-de-gestao-de-residuos-organicos
2019,https://www.ufrn.br/imprensa/noticias/30236/provocacoes-cinematograficas-exibe-filmes-seguidos-de-debates,Provocações Cinematográficas exibe filmes seguidos de debates,24/10/2019 12:11,30236,provocacoes-cinematograficas-exibe-filmes-seguidos-de-debates
2019,https://www.ufrn.br/imprensa/noticias/30190/eaj-promove-visita-tecnica-para-estudantes-da-rede-estadual,EAJ promove visita técnica para estudantes da Rede Estadual,23/10/2019 10:33,30190,eaj-promove-visita-tecnica-para-estudantes-da-rede-estadual
2019,https://www.ufrn.br/imprensa/noticias/30120/escola-agricola-participa-da-57a-edicao-da-festa-do-boi,Escola Agrícola participa da 57ª edição da Festa do Boi,21/10/2019 15:24,30120,escola-agricola-participa-da-57a-edicao-da-festa-do-boi
2019,https://www.ufrn.br/imprensa/noticias/30019/ufrn-e-governo-do-estado-assinam-acordo-em-beneficio-da-producao-leiteira,UFRN e Governo do Estado assinam acordo em benefício da produção leiteira,17/10/2019 17:22,30019,ufrn-e-governo-do-estado-assinam-acordo-em-beneficio-da-producao-leiteira
2019,https://www.ufrn.br/imprensa/noticias/29842/escola-agricola-de-jundiai-realiza-o-i-egg-day,Escola Agrícola de Jundiaí realiza o I Egg Day,14/10/2019 09:01,29842,escola-agricola-de-jundiai-realiza-o-i-egg-day
2019,https://www.ufrn.br/imprensa/noticias/29794/eaj-promove-o-egg-day-nesta-sexta,EAJ promove o Egg Day nesta sexta,10/10/2019 17:09,29794,eaj-promove-o-egg-day-nesta-sexta
2019,https://www.ufrn.br/imprensa/noticias/29699/eaj-oferece-especializacao-em-gestao-ambiental,EAJ oferece Especialização em Gestão Ambiental,09/10/2019 15:20,29699,eaj-oferece-especializacao-em-gestao-ambiental
2019,https://www.ufrn.br/imprensa/noticias/29653/eaj-integra-rede-internacional-de-cooperacao-entre-universidades,EAJ integra rede internacional de cooperação entre universidades ,08/10/2019 16:54,29653,eaj-integra-rede-internacional-de-cooperacao-entre-universidades
2019,https://www.ufrn.br/imprensa/noticias/29437/novos-diretores-da-escola-agricola-de-jundiai-tomam-posse,Novos diretores da Escola Agrícola de Jundiaí tomam posse,30/09/2019 13:25,29437,novos-diretores-da-escola-agricola-de-jundiai-tomam-posse
2019,https://www.ufrn.br/imprensa/noticias/29325/escola-agricola-de-jundiai-realiza-feira-de-aquarismo,Escola Agrícola de Jundiaí promove Feira de Aquarismo,26/09/2019 11:38,29325,escola-agricola-de-jundiai-realiza-feira-de-aquarismo
2019,https://www.ufrn.br/imprensa/noticias/29165/projeto-de-pesquisa-da-eaj-envolve-literatura-debate-e-reflexao,"Projeto de pesquisa da EAJ envolve literatura, debate e reflexão",23/09/2019 14:35,29165,projeto-de-pesquisa-da-eaj-envolve-literatura-debate-e-reflexao
2019,https://www.ufrn.br/imprensa/noticias/29094/agencia-de-inovacao-realiza-visita-tecnica-em-incubadora-de-macaiba,Agência de Inovação realiza visita técnica em incubadora de Macaíba,20/09/2019 13:46,29094,agencia-de-inovacao-realiza-visita-tecnica-em-incubadora-de-macaiba
2019,https://www.ufrn.br/imprensa/noticias/28919/campanha-de-prevencao-ao-suicidio-e-destaque-na-eaj,Campanha de prevenção ao suicídio é destaque na EAJ,17/09/2019 13:44,28919,campanha-de-prevencao-ao-suicidio-e-destaque-na-eaj
2019,https://www.ufrn.br/imprensa/noticias/28510/inscricoes-prorrogadas-para-pos-graduacao-em-gestao-ambiental,Inscrições prorrogadas para pós-graduação em Gestão Ambiental,06/09/2019 16:07,28510,inscricoes-prorrogadas-para-pos-graduacao-em-gestao-ambiental
2019,https://www.ufrn.br/imprensa/noticias/28475/planejamento-para-implantacao-do-parque-tecnologico-e-apresentado-em-macaiba,Planejamento para implantação do Parque Tecnológico é apresentado em Macaíba,06/09/2019 08:43,28475,planejamento-para-implantacao-do-parque-tecnologico-e-apresentado-em-macaiba
2019,https://www.ufrn.br/imprensa/noticias/28326/inscricoes-para-pos-graduacao-em-gestao-ambiental-terminam-sexta,Inscrições para pós-graduação em Gestão Ambiental terminam sexta,03/09/2019 15:48,28326,inscricoes-para-pos-graduacao-em-gestao-ambiental-terminam-sexta
2019,https://www.ufrn.br/imprensa/noticias/27631/oficina-de-producao-de-mudas-abre-vaga-para-servidores,Oficina de produção de mudas abre vaga para servidores,15/08/2019 10:32,27631,oficina-de-producao-de-mudas-abre-vaga-para-servidores
2019,https://www.ufrn.br/imprensa/noticias/27331/alunos-da-eaj-se-classificam-para-olimpiada-brasileira-de-robotica,Alunos da EAJ se classificam para Olimpíada Brasileira de Robótica,08/08/2019 10:22,27331,alunos-da-eaj-se-classificam-para-olimpiada-brasileira-de-robotica
2019,https://www.ufrn.br/imprensa/noticias/27284/eaj-experimenta-novas-tecnicas-de-manejo-e-conservacao-do-solo,EAJ experimenta novas técnicas de manejo e conservação do solo,07/08/2019 11:54,27284,eaj-experimenta-novas-tecnicas-de-manejo-e-conservacao-do-solo
2019,https://www.ufrn.br/imprensa/noticias/27254/alunos-da-ufrn-competem-em-maratona-tecnologica-do-setor-leiteiro-do-rn,Alunos da UFRN competem em maratona tecnológica do setor leiteiro do RN,06/08/2019 14:31,27254,alunos-da-ufrn-competem-em-maratona-tecnologica-do-setor-leiteiro-do-rn
2019,https://www.ufrn.br/imprensa/noticias/26358/escola-agricola-propoe-parceria-com-municipios-da-serra-de-santana,Escola Agrícola propõe parceria com municípios da Serra de Santana,03/07/2019 16:54,26358,escola-agricola-propoe-parceria-com-municipios-da-serra-de-santana
2019,https://www.ufrn.br/imprensa/noticias/25943/eaj-recebe-inscricoes-ate-hoje-para-cursos-tecnicos,EAJ recebe inscrições até hoje para cursos técnicos,10/06/2019 12:28,25943,eaj-recebe-inscricoes-ate-hoje-para-cursos-tecnicos
2019,https://www.ufrn.br/imprensa/noticias/25893/eaj-encerra-dia-10-inscricoes-para-cursos-tecnicos,EAJ encerra dia 10 inscrições para cursos técnicos,06/06/2019 18:25,25893,eaj-encerra-dia-10-inscricoes-para-cursos-tecnicos
2019,https://www.ufrn.br/imprensa/noticias/25698/escola-agricola-comemora-10-anos-de-curso-da-area-agroindustrial,Escola Agrícola comemora 10 anos de curso da área Agroindustrial,28/05/2019 11:47,25698,escola-agricola-comemora-10-anos-de-curso-da-area-agroindustrial
2019,https://www.ufrn.br/imprensa/noticias/25401/encontro-na-eaj-discute-interacao-humano-animal,Encontro na EAJ discute interação humano-animal,16/05/2019 11:52,25401,encontro-na-eaj-discute-interacao-humano-animal
2019,https://www.ufrn.br/imprensa/noticias/25239/eaj-comemora-10-anos-do-curso-de-agroindustria-com-simposio,EAJ comemora 10 anos do Curso de Agroindústria com Simpósio,09/05/2019 17:49,25239,eaj-comemora-10-anos-do-curso-de-agroindustria-com-simposio
2019,https://www.ufrn.br/imprensa/noticias/24449/escola-agricola-de-jundiai-inicia-comemoracoes-dos-70-anos,Escola Agrícola de Jundiaí inicia comemorações dos 70 anos,04/04/2019 17:51,24449,escola-agricola-de-jundiai-inicia-comemoracoes-dos-70-anos
2019,https://www.ufrn.br/imprensa/noticias/22680/escola-agricola-divulga-resultado-de-selecao-para-cursos-tecnicos,Escola Agrícola divulga resultado de seleção para cursos técnicos,14/01/2019 17:26,22680,escola-agricola-divulga-resultado-de-selecao-para-cursos-tecnicos
2018,https://www.ufrn.br/imprensa/noticias/21788/prograd-inscreve-para-curso-tecnologico-da-eaj,Prograd inscreve para curso tecnológico da EAJ,27/11/2018 18:26,21788,prograd-inscreve-para-curso-tecnologico-da-eaj
2018,https://www.ufrn.br/imprensa/noticias/21760/inscricoes-para-cursos-da-escola-agricola-encerram-dia-30,Inscrições para cursos da Escola Agrícola encerram dia 30,27/11/2018 12:33,21760,inscricoes-para-cursos-da-escola-agricola-encerram-dia-30
2018,https://www.ufrn.br/imprensa/noticias/21580/pop-rn-seleciona-alunos-da-ufrn-ifrn-e-eaj-para-vagas-de-bolsistas,"PoP-RN seleciona alunos da UFRN, IFRN e EAJ para vagas de bolsistas",19/11/2018 19:25,21580,pop-rn-seleciona-alunos-da-ufrn-ifrn-e-eaj-para-vagas-de-bolsistas
2018,https://www.ufrn.br/imprensa/noticias/21201/ufrn-assina-contrato-para-obra-da-residencia-da-eaj,UFRN assina contrato para obra da Residência da EAJ,01/11/2018 17:16,21201,ufrn-assina-contrato-para-obra-da-residencia-da-eaj
2018,https://www.ufrn.br/imprensa/noticias/21177/ufrn-assina-contrato-para-obra-da-residencia-universitaria-da-escola-agricola-de-jundiai,UFRN assina contrato para obra da Residência Universitária da Escola Agrícola de Jundiaí,01/11/2018 12:35,21177,ufrn-assina-contrato-para-obra-da-residencia-universitaria-da-escola-agricola-de-jundiai
2018,https://www.ufrn.br/imprensa/noticias/20641/escola-agricola-de-jundiai-promove-iv-agrotec-amanha,Escola Agrícola de Jundiaí promove IV Agrotec amanhã,15/10/2018 11:18,20641,escola-agricola-de-jundiai-promove-iv-agrotec-amanha
2018,https://www.ufrn.br/imprensa/noticias/20532/escola-agricola-de-jundiai-promove-iv-agrotec,Escola Agrícola de Jundiaí promove IV Agrotec,09/10/2018 16:28,20532,escola-agricola-de-jundiai-promove-iv-agrotec
2018,https://www.ufrn.br/imprensa/noticias/20056/eaj-esta-com-inscricoes-abertas-para-cursos-tecnicos,EAJ está com inscrições abertas para cursos técnicos,25/09/2018 12:34,20056,eaj-esta-com-inscricoes-abertas-para-cursos-tecnicos
2018,https://www.ufrn.br/imprensa/noticias/19940/feira-internacional-de-aquarismo-comeca-nesta-quarta-feira,Feira Internacional de Aquarismo começa nesta quarta-feira,19/09/2018 17:19,19940,feira-internacional-de-aquarismo-comeca-nesta-quarta-feira
2018,https://www.ufrn.br/imprensa/noticias/19746/pos-em-tecnologias-educacionais-apresenta-aula-inaugural,Pós em Tecnologias Educacionais apresenta aula inaugural,13/09/2018 11:36,19746,pos-em-tecnologias-educacionais-apresenta-aula-inaugural
2018,https://www.ufrn.br/imprensa/noticias/18819/eaj-realiza-oficinas-sobre-sexualidade-para-alunos-e-servidores,EAJ realiza oficinas sobre sexualidade para alunos e servidores,13/08/2018 16:53,18819,eaj-realiza-oficinas-sobre-sexualidade-para-alunos-e-servidores
2018,https://www.ufrn.br/imprensa/noticias/18379/eaj-recebe-comenda-por-prestados-a-caico-atraves-da-rede-e-tec,EAJ recebe comenda por serviços prestados a Caicó através da Rede e-Tec,24/07/2018 17:15,18379,eaj-recebe-comenda-por-prestados-a-caico-atraves-da-rede-e-tec
2018,https://www.ufrn.br/imprensa/noticias/18165/inscricoes-em-tecnologias-educacionais-da-eaj-terminam-nesta-quarta,Inscrições em Tecnologias Educacionais da EAJ terminam nesta quarta,16/07/2018 16:55,18165,inscricoes-em-tecnologias-educacionais-da-eaj-terminam-nesta-quarta
2018,https://www.ufrn.br/imprensa/noticias/17903/eaj-realiza-terceira-edicao-da-feira-de-ciencias,EAJ realiza terceira edição da Feira de Ciências,04/07/2018 11:20,17903,eaj-realiza-terceira-edicao-da-feira-de-ciencias
2018,https://www.ufrn.br/imprensa/noticias/17883/eaj-oferta-especializacao-por-meio-da-rede-e-tec,Escola Agrícola oferta especialização por meio da Rede e-Tec,03/07/2018 17:06,17883,eaj-oferta-especializacao-por-meio-da-rede-e-tec
2018,https://www.ufrn.br/imprensa/noticias/17861/especializacao-em-tecnologias-educacionais-oferta-80-vagas,Especialização em Tecnologias Educacionais oferta 80 vagas,03/07/2018 11:21,17861,especializacao-em-tecnologias-educacionais-oferta-80-vagas
2018,https://www.ufrn.br/imprensa/noticias/17286/ufrn-discute-producao-cientifica-em-simposio-de-ciencias-florestais,UFRN discute produção científica em Simpósio de Ciências Florestais,14/06/2018 17:30,17286,ufrn-discute-producao-cientifica-em-simposio-de-ciencias-florestais
2018,https://www.ufrn.br/imprensa/noticias/16920/escola-agricola-de-jundiai-prorroga-inscricoes-para-cursos-tecnicos,Escola Agrícola de Jundiaí prorroga inscrições para cursos técnicos,04/06/2018 15:59,16920,escola-agricola-de-jundiai-prorroga-inscricoes-para-cursos-tecnicos
2018,https://www.ufrn.br/imprensa/noticias/16871/representante-do-ministerio-da-cultura-entrega-certificados-do-pronatec,Representante do Ministério da Cultura entrega certificados do Pronatec,01/06/2018 16:56,16871,representante-do-ministerio-da-cultura-entrega-certificados-do-pronatec
2018,https://www.ufrn.br/imprensa/noticias/16634/eaj-abre-inscricoes-para-cursos-tecnicos-subsequentes,EAJ abre Inscrições para cursos técnicos Subsequentes,24/05/2018 17:32,16634,eaj-abre-inscricoes-para-cursos-tecnicos-subsequentes
2018,https://www.ufrn.br/imprensa/noticias/16016/eaj-promove-workshop-sobre-agrocomputacao,EAJ promove workshop sobre agrocomputação,04/05/2018 16:37,16016,eaj-promove-workshop-sobre-agrocomputacao
2018,https://www.ufrn.br/imprensa/noticias/15835/ciencias-florestais-da-eaj-inscreve-para-curso-de-pos-graduacao-2,Ciências Florestais da EAJ inscreve para curso de Pós-Graduação,27/04/2018 16:24,15835,ciencias-florestais-da-eaj-inscreve-para-curso-de-pos-graduacao-2
2018,https://www.ufrn.br/imprensa/noticias/15605/escola-agricola-de-jundiai-inscreve-para-projeto-xerimbabo,Escola Agrícola de Jundiaí inscreve para Projeto Xerimbabo,20/04/2018 12:51,15605,escola-agricola-de-jundiai-inscreve-para-projeto-xerimbabo
2018,https://www.ufrn.br/imprensa/noticias/15227/ciencias-florestais-da-eaj-inscreve-para-curso-de-pos-graduacao,Ciências Florestais da EAJ inscreve para curso de Pós-Graduação,09/04/2018 09:46,15227,ciencias-florestais-da-eaj-inscreve-para-curso-de-pos-graduacao
2018,https://www.ufrn.br/imprensa/noticias/15016/escola-agricola-de-jundiai-diploma-62-jovens-atraves-do-pronatec,Escola Agrícola de Jundiaí diploma 62 jovens através do Pronatec,02/04/2018 17:27,15016,escola-agricola-de-jundiai-diploma-62-jovens-atraves-do-pronatec
2018,https://www.ufrn.br/imprensa/noticias/14588/rede-e-tec-diploma-270-tecnicos-pela-escola-agricola-de-jundiai,Rede e-Tec diploma 270 técnicos pela Escola Agrícola de Jundiaí,19/03/2018 16:50,14588,rede-e-tec-diploma-270-tecnicos-pela-escola-agricola-de-jundiai
2018,https://www.ufrn.br/imprensa/noticias/14221/escola-agricola-diploma-155-tecnicos-de-cursos-integrados-e-subsequentes,Escola Agrícola diploma 155 técnicos de cursos integrados e subsequentes,07/03/2018 16:53,14221,escola-agricola-diploma-155-tecnicos-de-cursos-integrados-e-subsequentes
2018,https://www.ufrn.br/imprensa/noticias/14007/eaj-diploma-turma-de-analise-e-desenvolvimento-de-sistemas,EAJ diploma turma de Análise e Desenvolvimento de Sistemas,28/02/2018 16:35,14007,eaj-diploma-turma-de-analise-e-desenvolvimento-de-sistemas
2018,https://www.ufrn.br/imprensa/noticias/13898/eaj-certifica-jovens-em-processo-de-ressocializacao-atraves-do-pronatec,EAJ certifica jovens em processo de ressocialização através do Pronatec,26/02/2018 16:35,13898,eaj-certifica-jovens-em-processo-de-ressocializacao-atraves-do-pronatec
2018,https://www.ufrn.br/imprensa/noticias/13792/eaj-promove-evento-sobre-reconhecimento-feminino,EAJ promove evento sobre Reconhecimento Feminino,22/02/2018 11:18,13792,eaj-promove-evento-sobre-reconhecimento-feminino
2018,https://www.ufrn.br/imprensa/noticias/13427/eaj-recebe-inscricoes-para-professores-ate-sexta-feira,EAJ realiza inscrições para professores até sexta-feira,31/01/2018 18:31,13427,eaj-recebe-inscricoes-para-professores-ate-sexta-feira
2018,https://www.ufrn.br/imprensa/noticias/13309/matriculas-para-cursos-tecnicos-da-eaj-terminam-hoje,Matrículas para cursos técnicos da EAJ terminam hoje,25/01/2018 16:12,13309,matriculas-para-cursos-tecnicos-da-eaj-terminam-hoje
2018,https://www.ufrn.br/imprensa/noticias/13204/eaj-seleciona-professores-para-atuacao-em-cursos-tecnicos,EAJ seleciona professores para atuação em cursos técnicos,22/01/2018 17:26,13204,eaj-seleciona-professores-para-atuacao-em-cursos-tecnicos
2018,https://www.ufrn.br/imprensa/noticias/13081/eaj-oferta-cursos-do-pronatec-para-menores-infratores,EAJ oferta cursos do Pronatec para menores infratores,16/01/2018 17:33,13081,eaj-oferta-cursos-do-pronatec-para-menores-infratores
2018,https://www.ufrn.br/imprensa/noticias/13057/eaj-divulga-resultado-de-selecao-para-cursos-tecnicos,EAJ divulga resultado de seleção para cursos técnicos,15/01/2018 16:40,13057,eaj-divulga-resultado-de-selecao-para-cursos-tecnicos
2018,https://www.ufrn.br/imprensa/noticias/12979/adolescentes-em-ressocializacao-iniciam-cursos-do-pronatec,Adolescentes em ressocialização iniciam cursos do Pronatec,10/01/2018 16:36,12979,adolescentes-em-ressocializacao-iniciam-cursos-do-pronatec
2017,https://www.ufrn.br/imprensa/noticias/12670/comperve-divulga-resultado-parcial-para-cursos-tecnicos-da-eaj,Comperve divulga resultado parcial para cursos técnicos da EAJ,22/12/2017 16:24,12670,comperve-divulga-resultado-parcial-para-cursos-tecnicos-da-eaj
2017,https://www.ufrn.br/imprensa/noticias/12297/eaj-inicia-atividades-dos-cursos-do-pronatec-em-15-municipios,EAJ inicia atividades dos cursos do Pronatec em 15 municípios,07/12/2017 18:10,12297,eaj-inicia-atividades-dos-cursos-do-pronatec-em-15-municipios
2017,https://www.ufrn.br/imprensa/noticias/12008/eaj-inscreve-ate-quinta-feira-para-cursos-do-pronatec,EAJ inscreve até quinta-feira para cursos do Pronatec,29/11/2017 18:40,12008,eaj-inscreve-ate-quinta-feira-para-cursos-do-pronatec
2017,https://www.ufrn.br/imprensa/noticias/11911/lancamento-de-livro-e-curso-na-eaj,Lançamento de livro e Curso na EAJ,28/11/2017 13:57,11911,lancamento-de-livro-e-curso-na-eaj
2017,https://www.ufrn.br/imprensa/noticias/11747/abertas-as-inscricoes-em-cursos-pronatec-ofertados-pela-eaj,Abertas as inscrições em cursos Pronatec ofertados pela EAJ,22/11/2017 18:36,11747,abertas-as-inscricoes-em-cursos-pronatec-ofertados-pela-eaj
2017,https://www.ufrn.br/imprensa/noticias/11721/eaj-divulga-resultado-parcial-de-selecao-de-profissionais,EAJ divulga resultado parcial de seleção de profissionais,22/11/2017 12:53,11721,eaj-divulga-resultado-parcial-de-selecao-de-profissionais
2017,https://www.ufrn.br/imprensa/noticias/11705/diretor-da-eaj-e-escolhido-para-receber-medalha-de-merito,Diretor da EAJ é escolhido para receber Medalha de Mérito,20/11/2017 18:35,11705,diretor-da-eaj-e-escolhido-para-receber-medalha-de-merito
2017,https://www.ufrn.br/imprensa/noticias/11678/eaj-certifica-950-alunos-da-rede-publica-pelo-pronatec-jovem,EAJ certifica 950 alunos da rede pública pelo Pronatec Jovem Aprendiz,20/11/2017 13:02,11678,eaj-certifica-950-alunos-da-rede-publica-pelo-pronatec-jovem
2017,https://www.ufrn.br/imprensa/noticias/11551/eaj-encerra-inscricoes-para-contratacoes-temporarias,EAJ encerra inscrições para contratações temporárias,16/11/2017 12:27,11551,eaj-encerra-inscricoes-para-contratacoes-temporarias
2017,https://www.ufrn.br/imprensa/noticias/11358/eaj-abre-inscricoes-em-cursos-para-jovens-e-adultos,EAJ abre inscrições em cursos para jovens e adultos,09/11/2017 18:23,11358,eaj-abre-inscricoes-em-cursos-para-jovens-e-adultos
2017,https://www.ufrn.br/imprensa/noticias/11342/comperve-divulga-local-de-provas-de-cursos-tecnicos-da-eaj,Comperve divulga local de provas de cursos técnicos da EAJ,09/11/2017 11:02,11342,comperve-divulga-local-de-provas-de-cursos-tecnicos-da-eaj
2017,https://www.ufrn.br/imprensa/noticias/11265/eaj-abre-inscricoes-para-contratacao-de-profissionais,EAJ abre inscrições para contratação de profissionais,07/11/2017 18:37,11265,eaj-abre-inscricoes-para-contratacao-de-profissionais
2017,https://www.ufrn.br/imprensa/noticias/11192/ufrn-assina-acordo-de-criacao-de-area-experimental-em-caico,UFRN assina acordo de criação de área experimental em Caicó,03/11/2017 19:02,11192,ufrn-assina-acordo-de-criacao-de-area-experimental-em-caico
2017,https://www.ufrn.br/imprensa/noticias/10780/escola-agricola-oferta-cursos-para-jovens-e-adultos-do-estado,Escola Agrícola oferta cursos para jovens e adultos do Estado,25/10/2017 17:40,10780,escola-agricola-oferta-cursos-para-jovens-e-adultos-do-estado
2017,https://www.ufrn.br/imprensa/noticias/8981/eaj-seleciona-professores-mediadores-para-polos-do-interior,EAJ seleciona professores mediadores para polos do interior,23/08/2017 16:26,8981,eaj-seleciona-professores-mediadores-para-polos-do-interior
2017,https://www.ufrn.br/imprensa/noticias/8736/matriculas-em-cursos-tecnicos-da-eaj-seguem-ate-esta-sexta-feira,Matrículas em cursos técnicos da EAJ seguem até esta sexta-feira,11/08/2017 11:55,8736,matriculas-em-cursos-tecnicos-da-eaj-seguem-ate-esta-sexta-feira
2017,https://www.ufrn.br/imprensa/noticias/8695/matriculas-em-cursos-tecnicos-ofertados-pela-eaj-seguem-ate-sexta-feira,Matrículas em cursos técnicos ofertados pela EAJ seguem até sexta-feira,10/08/2017 12:31,8695,matriculas-em-cursos-tecnicos-ofertados-pela-eaj-seguem-ate-sexta-feira
2017,https://www.ufrn.br/imprensa/noticias/8447/escola-agricola-recebe-inscricoes-para-cursos-tecnicos-ate-esta-quarta-feira,Escola Agrícola recebe inscrições para cursos técnicos até esta quarta-feira,01/08/2017 17:12,8447,escola-agricola-recebe-inscricoes-para-cursos-tecnicos-ate-esta-quarta-feira
2017,https://www.ufrn.br/imprensa/noticias/8292/eaj-oferece-cursos-tecnicos-para-alunos-da-rede-publica,EAJ oferece cursos técnicos para alunos da rede pública,25/07/2017 16:48,8292,eaj-oferece-cursos-tecnicos-para-alunos-da-rede-publica
2017,https://www.ufrn.br/imprensa/noticias/8174/escola-agricola-de-jundiai-oferece-inscricoes-em-cursos-tecnicos,Escola Agrícola de Jundiaí oferece inscrições em cursos técnicos,19/07/2017 16:49,8174,escola-agricola-de-jundiai-oferece-inscricoes-em-cursos-tecnicos
2017,https://www.ufrn.br/imprensa/noticias/8000/inscricao-para-profissionais-da-eaj-encerram-nesta-terca-feira,Inscrição para profissionais da EAJ encerram nesta terça-feira,11/07/2017 16:39,8000,inscricao-para-profissionais-da-eaj-encerram-nesta-terca-feira
2017,https://www.ufrn.br/imprensa/noticias/7942/escola-agricola-de-jundiai-abre-selecao-para-contratacao-de-profissionais,Escola Agrícola de Jundiaí abre seleção para contratação de profissionais,07/07/2017 15:01,7942,escola-agricola-de-jundiai-abre-selecao-para-contratacao-de-profissionais
2017,https://www.ufrn.br/imprensa/noticias/7881/escola-agricola-de-jundiai-inscreve-para-cursos-tecnicos,Escola Agrícola de Jundiaí inscreve para cursos técnicos,06/07/2017 11:39,7881,escola-agricola-de-jundiai-inscreve-para-cursos-tecnicos
2017,https://www.ufrn.br/imprensa/noticias/7855/professor-da-eaj-e-reconduzido-a-presidencia-do-fnetec,Professor da EAJ é reconduzido à presidência do FNeTec,05/07/2017 11:50,7855,professor-da-eaj-e-reconduzido-a-presidencia-do-fnetec
2017,https://www.ufrn.br/imprensa/noticias/7809/inscricoes-para-selecao-de-professores-da-eaj-foram-prorrogadas,Inscrições para seleção de professores da EAJ foram prorrogadas,03/07/2017 16:05,7809,inscricoes-para-selecao-de-professores-da-eaj-foram-prorrogadas
2017,https://www.ufrn.br/imprensa/noticias/7665/escola-agricola-de-jundiai-seleciona-professores-para-cursos-tecnicos-ead,Escola Agrícola de Jundiaí seleciona professores para cursos técnicos EaD,26/06/2017 17:39,7665,escola-agricola-de-jundiai-seleciona-professores-para-cursos-tecnicos-ead
2017,https://www.ufrn.br/imprensa/noticias/7569/eaj-promove-dia-de-campo-para-a-valorizacao-da-agricultura-familiar,EAJ promove dia de campo para a valorização da agricultura familiar,21/06/2017 16:52,7569,eaj-promove-dia-de-campo-para-a-valorizacao-da-agricultura-familiar
2017,https://www.ufrn.br/imprensa/noticias/7550/eaj-promove-i-encontro-de-parcerias-em-aquicultura-ornamental,EAJ promove I Encontro de Parcerias em Aquicultura Ornamental,21/06/2017 11:46,7550,eaj-promove-i-encontro-de-parcerias-em-aquicultura-ornamental
2017,https://www.ufrn.br/imprensa/noticias/7210/escola-agricola-promove-simposio-internacional-ate-esta-sexta,Escola Agrícola promove simpósio internacional até esta sexta,08/06/2017 18:18,7210,escola-agricola-promove-simposio-internacional-ate-esta-sexta
2017,https://www.ufrn.br/imprensa/noticias/7124/eaj-inscreve-para-os-cursos-de-agroindustria-agropecuaria-e-aquicultura,"EAJ inscreve para os cursos de Agroindústria, Agropecuária e Aquicultura",07/06/2017 11:07,7124,eaj-inscreve-para-os-cursos-de-agroindustria-agropecuaria-e-aquicultura
2017,https://www.ufrn.br/imprensa/noticias/6925/eaj-oferece-cursos-tecnicos-a-distancia-para-alunos-da-rede-estadual,EAJ oferece cursos técnicos a distância para alunos da rede estadual,01/06/2017 17:36,6925,eaj-oferece-cursos-tecnicos-a-distancia-para-alunos-da-rede-estadual
2017,https://www.ufrn.br/imprensa/noticias/6703/eaj-divulga-aprovados-em-processo-seletivo-para-cursos-tecnicos,EAJ divulga aprovados em processo seletivo para cursos técnicos,25/05/2017 12:15,6703,eaj-divulga-aprovados-em-processo-seletivo-para-cursos-tecnicos
2017,https://www.ufrn.br/imprensa/noticias/6587/escola-agricola-de-jundiai-recebe-5a-edicao-do-encaotro,Escola Agrícola de Jundiaí recebe 5ª edição do EnCãotro,22/05/2017 16:50,6587,escola-agricola-de-jundiai-recebe-5a-edicao-do-encaotro
2017,https://www.ufrn.br/imprensa/noticias/3386/eaj-lanca-revista-e-tec-sobre-5-anos-do-projeto-na-instituicao,EAJ lança revista e-TEC sobre 5 anos do projeto na instituição,25/04/2017 17:16,3386,eaj-lanca-revista-e-tec-sobre-5-anos-do-projeto-na-instituicao
2017,https://www.ufrn.br/imprensa/noticias/2959/professor-da-escola-agricola-de-jundiai-participa-de-reuniao-do-conif,Professor da Escola Agrícola de Jundiaí participa de reunião do Conif,07/04/2017 17:32,2959,professor-da-escola-agricola-de-jundiai-participa-de-reuniao-do-conif
2017,https://www.ufrn.br/imprensa/noticias/2186/escola-agricola-de-jundiai-diploma-124-alunos-de-cursos-tecnicos,Escola Agrícola de Jundiaí diploma 124 alunos de cursos técnicos,14/03/2017 16:41,2186,escola-agricola-de-jundiai-diploma-124-alunos-de-cursos-tecnicos
2017,https://www.ufrn.br/imprensa/noticias/2140/selecao-para-empresas-incubadoras-vai-ate-15-de-marco,Seleção para empresas incubadoras vai até 15 de março,10/03/2017 16:53,2140,selecao-para-empresas-incubadoras-vai-ate-15-de-marco
2017,https://www.ufrn.br/imprensa/noticias/1657/escola-agricola-de-jundiai-oferece-vagas-para-incubacao-de-empresas-2,Escola Agrícola abre vagas para incubação de empresas,21/02/2017 16:51,1657,escola-agricola-de-jundiai-oferece-vagas-para-incubacao-de-empresas-2
2017,https://www.ufrn.br/imprensa/noticias/1159/escola-agricola-de-jundiai-oferece-vagas-para-incubacao-de-empresas,Escola Agrícola de Jundiaí oferece vagas para incubação de empresas,10/02/2017 18:45,1159,escola-agricola-de-jundiai-oferece-vagas-para-incubacao-de-empresas
